0,CodeUC,Days,TTS,Length,Pheno_stage,Date,Surface_Fol
1,1-V,0.0416666666667,0.9,0.347563220891,0,2003-07-02 01:00:00,0.0310169066372
2,1-V,0.0833333333333,1.35,0.354488416406,0,2003-07-02 02:00:00,0.0323454624831
3,1-V,0.125,1.8,0.36154912411,0,2003-07-02 03:00:00,0.0337307133596
4,1-V,0.166666666667,2.25,0.368747896291,0,2003-07-02 04:00:00,0.0351750648259
5,1-V,0.208333333333,2.7,0.376087329309,0,2003-07-02 05:00:00,0.0366810236049
6,1-V,0.25,3.15,0.3835700642,0,2003-07-02 06:00:00,0.0382512017787
7,1-V,0.291666666667,3.6,0.391198787274,0,2003-07-02 07:00:00,0.0398883211548
8,1-V,0.333333333333,4.05,0.398976230713,0,2003-07-02 08:00:00,0.0415952178085
9,1-V,0.375,4.5,0.406905173176,0,2003-07-02 09:00:00,0.0433748468092
10,1-V,0.416666666667,4.95,0.414988440401,0,2003-07-02 10:00:00,0.0452302871382
11,1-V,0.458333333333,5.4,0.4232289058,0,2003-07-02 11:00:00,0.0471647468038
12,1-V,0.5,5.85,0.431629491067,0,2003-07-02 12:00:00,0.0491815681634
13,1-V,0.541666666667,6.3,0.440193166773,0,2003-07-02 13:00:00,0.0512842334589
14,1-V,0.583333333333,6.75,0.448922952965,0,2003-07-02 14:00:00,0.0534763705746
15,1-V,0.625,7.2,0.457821919758,0,2003-07-02 15:00:00,0.0557617590258
16,1-V,0.666666666667,7.65,0.466893187933,0,2003-07-02 16:00:00,0.058144336187
17,1-V,0.708333333333,8.1,0.476139929521,0,2003-07-02 17:00:00,0.0606282037687
18,1-V,0.75,8.55,0.485565368393,0,2003-07-02 18:00:00,0.0632176345525
19,1-V,0.791666666667,9.0,0.495172780838,0,2003-07-02 19:00:00,0.0659170793946
20,1-V,0.833333333333,9.45,0.504965496139,0,2003-07-02 20:00:00,0.0687311745069
21,1-V,0.875,9.9,0.514946897144,0,2003-07-02 21:00:00,0.0716647490269
22,1-V,0.916666666667,10.35,0.525120420831,0,2003-07-02 22:00:00,0.0747228328876
23,1-V,0.958333333333,10.8,0.535489558861,0,2003-07-02 23:00:00,0.0779106649975
24,1-V,1.0,11.25,0.546057858133,0,2003-07-03 00:00:00,0.0812337017435
25,1-V,1.04166666667,11.7,0.556828921316,0,2003-07-03 01:00:00,0.084697625828
26,1-V,1.08333333333,12.15,0.567806407386,0,2003-07-03 02:00:00,0.0883083554527
27,1-V,1.125,12.6,0.578994032145,0,2003-07-03 03:00:00,0.092072053862
28,1-V,1.16666666667,13.05,0.590395568729,0,2003-07-03 04:00:00,0.0959951392594
29,1-V,1.20833333333,13.5,0.602014848104,0,2003-07-03 05:00:00,0.10008429511
30,1-V,1.25,13.95,0.613855759555,0,2003-07-03 06:00:00,0.104346480845
31,1-V,1.29166666667,14.4,0.625922251152,0,2003-07-03 07:00:00,0.108788942979
32,1-V,1.33333333333,14.85,0.638218330205,0,2003-07-03 08:00:00,0.113419226658
33,1-V,1.375,15.3,0.650748063706,0,2003-07-03 09:00:00,0.118245187657
34,1-V,1.41666666667,15.75,0.66351557875,0,2003-07-03 10:00:00,0.123275004834
35,1-V,1.45833333333,16.2,0.676525062937,0,2003-07-03 11:00:00,0.128517193061
36,1-V,1.5,16.65,0.689780764758,0,2003-07-03 12:00:00,0.133980616663
37,1-V,1.54166666667,17.1,0.703286993961,0,2003-07-03 13:00:00,0.139674503348
38,1-V,1.58333333333,17.55,0.717048121886,0,2003-07-03 14:00:00,0.145608458689
39,1-V,1.625,18.0,0.731068581793,0,2003-07-03 15:00:00,0.151792481143
40,1-V,1.66666666667,18.45,0.74535286915,0,2003-07-03 16:00:00,0.158236977639
41,1-V,1.70833333333,18.9,0.759905541901,0,2003-07-03 17:00:00,0.164952779758
42,1-V,1.75,19.35,0.774731220711,0,2003-07-03 18:00:00,0.17195116052
43,1-V,1.79166666667,19.8,0.789834589179,0,2003-07-03 19:00:00,0.179243851798
44,1-V,1.83333333333,20.25,0.805220394013,0,2003-07-03 20:00:00,0.186843062383
45,1-V,1.875,20.7,0.820893445191,0,2003-07-03 21:00:00,0.194761496724
46,1-V,1.91666666667,21.15,0.83685861607,0,2003-07-03 22:00:00,0.203012374355
47,1-V,1.95833333333,21.6,0.853120843471,0,2003-07-03 23:00:00,0.211609450052
48,1-V,2.0,22.05,0.869685127725,0,2003-07-04 00:00:00,0.220567034716
49,1-V,2.04166666667,22.5,0.886556532681,0,2003-07-04 01:00:00,0.229900017036
50,1-V,2.08333333333,22.95,0.903740185669,0,2003-07-04 02:00:00,0.239623885936
51,1-V,2.125,23.4,0.921241277432,0,2003-07-04 03:00:00,0.249754753833
52,1-V,2.16666666667,23.85,0.939065061998,0,2003-07-04 04:00:00,0.26030938075
53,1-V,2.20833333333,24.3,0.957216856525,0,2003-07-04 05:00:00,0.271305199282
54,1-V,2.25,24.75,0.975702041081,0,2003-07-04 06:00:00,0.282760340475
55,1-V,2.29166666667,25.2,0.994526058386,0,2003-07-04 07:00:00,0.294693660612
56,1-V,2.33333333333,25.65,1.0136944135,0,2003-07-04 08:00:00,0.307124768964
57,1-V,2.375,26.1,1.03321267345,0,2003-07-04 09:00:00,0.320074056513
58,1-V,2.41666666667,26.55,1.0530864668,0,2003-07-04 10:00:00,0.333562725697
59,1-V,2.45833333333,27.0,1.07332148321,0,2003-07-04 11:00:00,0.347612821183
60,1-V,2.5,27.45,1.09392347283,0,2003-07-04 12:00:00,0.362247261718
61,1-V,2.54166666667,27.9,1.11489824573,0,2003-07-04 13:00:00,0.377489873088
62,1-V,2.58333333333,28.35,1.13625167126,0,2003-07-04 14:00:00,0.393365422199
63,1-V,2.625,28.8,1.15798967724,0,2003-07-04 15:00:00,0.409899652336
64,1-V,2.66666666667,29.25,1.18011824923,0,2003-07-04 16:00:00,0.427119319613
65,1-V,2.70833333333,29.7,1.2026434296,0,2003-07-04 17:00:00,0.445052230663
66,1-V,2.75,30.15,1.2255713166,0,2003-07-04 18:00:00,0.463727281586
67,1-V,2.79166666667,30.6,1.24890806331,0,2003-07-04 19:00:00,0.4831744982
68,1-V,2.83333333333,31.05,1.27265987658,0,2003-07-04 20:00:00,0.503425077629
69,1-V,2.875,31.5,1.29683301578,0,2003-07-04 21:00:00,0.524511431248
70,1-V,2.91666666667,31.95,1.32143379154,0,2003-07-04 22:00:00,0.546467229046
71,1-V,2.95833333333,32.4,1.34646856443,0,2003-07-04 23:00:00,0.569327445411
72,1-V,3.0,32.85,1.37194374345,0,2003-07-05 00:00:00,0.593128406396
73,1-V,3.04166666667,33.3,1.39786578451,0,2003-07-05 01:00:00,0.617907838492
74,1-V,3.08333333333,33.75,1.42424118882,0,2003-07-05 02:00:00,0.643704918937
75,1-V,3.125,34.2,1.4510765011,0,2003-07-05 03:00:00,0.67056032761
76,1-V,3.16666666667,34.65,1.47837830778,0,2003-07-05 04:00:00,0.698516300528
77,1-V,3.20833333333,35.1,1.50615323506,0,2003-07-05 05:00:00,0.727616684996
78,1-V,3.25,35.55,1.53440794684,0,2003-07-05 06:00:00,0.757906996432
79,1-V,3.29166666667,36.0,1.56314914261,0,2003-07-05 07:00:00,0.789434476909
80,1-V,3.33333333333,36.45,1.59238355514,0,2003-07-05 08:00:00,0.822248155443
81,1-V,3.375,36.9,1.62211794816,0,2003-07-05 09:00:00,0.856398910059
82,1-V,3.41666666667,37.35,1.65235911383,0,2003-07-05 10:00:00,0.891939531668
83,1-V,3.45833333333,37.8,1.68311387014,0,2003-07-05 11:00:00,0.928924789788
84,1-V,3.5,38.25,1.71438905818,0,2003-07-05 12:00:00,0.967411500135
85,1-V,3.54166666667,38.7,1.74619153933,0,2003-07-05 13:00:00,1.00745859411
86,1-V,3.58333333333,39.15,1.77852819223,0,2003-07-05 14:00:00,1.04912719023
87,1-V,3.625,39.6,1.81140590969,0,2003-07-05 15:00:00,1.09248066747
88,1-V,3.66666666667,40.05,1.84483159551,0,2003-07-05 16:00:00,1.13758474065
89,1-V,3.70833333333,40.5,1.87881216105,0,2003-07-05 17:00:00,1.18450753776
90,1-V,3.75,40.95,1.91335452177,0,2003-07-05 18:00:00,1.23331967932
91,1-V,3.79166666667,41.4,1.94846559361,0,2003-07-05 19:00:00,1.28409435981
92,1-V,3.83333333333,41.85,1.98415228919,0,2003-07-05 20:00:00,1.3369074311
93,1-V,3.875,42.3,2.02042151395,0,2003-07-05 21:00:00,1.39183748798
94,1-V,3.91666666667,42.75,2.05728016204,0,2003-07-05 22:00:00,1.44896595577
95,1-V,3.95833333333,43.2,2.09473511222,0,2003-07-05 23:00:00,1.50837717998
96,1-V,4.0,43.65,2.13279322346,0,2003-07-06 00:00:00,1.5701585181
97,1-V,4.04166666667,44.1,2.17146133049,0,2003-07-06 01:00:00,1.63440043341
98,1-V,4.08333333333,44.55,2.21074623919,0,2003-07-06 02:00:00,1.70119659095
99,1-V,4.125,45.0,2.25065472184,0,2003-07-06 03:00:00,1.77064395549
100,1-V,4.16666666667,45.45,2.29119351217,0,2003-07-06 04:00:00,1.84284289159
101,1-V,4.20833333333,45.9,2.33236930037,0,2003-07-06 05:00:00,1.91789726571
102,1-V,4.25,46.35,2.37418872782,0,2003-07-06 06:00:00,1.99591455034
103,1-V,4.29166666667,46.8,2.4166583818,0,2003-07-06 07:00:00,2.07700593003
104,1-V,4.33333333333,47.25,2.45978479,0,2003-07-06 08:00:00,2.16128640952
105,1-V,4.375,47.7,2.50357441483,0,2003-07-06 09:00:00,2.24887492366
106,1-V,4.41666666667,48.15,2.5480336477,0,2003-07-06 10:00:00,2.33989444922
107,1-V,4.45833333333,48.6,2.59316880308,0,2003-07-06 11:00:00,2.43447211855
108,1-V,4.5,49.05,2.63898611244,0,2003-07-06 12:00:00,2.53273933495
109,1-V,4.54166666667,49.5,2.68549171803,0,2003-07-06 13:00:00,2.63483188969
110,1-V,4.58333333333,49.95,2.73269166658,0,2003-07-06 14:00:00,2.74089008067
111,1-V,4.625,50.4,2.7805919028,0,2003-07-06 15:00:00,2.85105883256
112,1-V,4.66666666667,50.85,2.82919826278,0,2003-07-06 16:00:00,2.96548781836
113,1-V,4.70833333333,51.3,2.87851646727,0,2003-07-06 17:00:00,3.08433158227
114,1-V,4.75,51.75,2.92855211481,0,2003-07-06 18:00:00,3.20774966371
115,1-V,4.79166666667,52.2,2.97931067477,0,2003-07-06 19:00:00,3.33590672244
116,1-V,4.83333333333,52.65,3.03079748025,0,2003-07-06 20:00:00,3.46897266459
117,1-V,4.875,53.1,3.08301772085,0,2003-07-06 21:00:00,3.60712276945
118,1-V,4.91666666667,53.55,3.13597643541,0,2003-07-06 22:00:00,3.75053781688
119,1-V,4.95833333333,54.0,3.18967850453,0,2003-07-06 23:00:00,3.89940421513
120,1-V,5.0,54.45,3.24412864313,0,2003-07-07 00:00:00,4.05391412898
121,1-V,5.04166666667,54.9,3.29933139281,0,2003-07-07 01:00:00,4.21426560782
122,1-V,5.08333333333,55.35,3.35529111419,0,2003-07-07 02:00:00,4.38066271367
123,1-V,5.125,55.8,3.41201197915,0,2003-07-07 03:00:00,4.55331564872
124,1-V,5.16666666667,56.25,3.469497963,0,2003-07-07 04:00:00,4.7324408823
125,1-V,5.20833333333,56.7,3.52775283664,0,2003-07-07 05:00:00,4.91826127692
126,1-V,5.25,57.15,3.58678015859,0,2003-07-07 06:00:00,5.11100621311
127,1-V,5.29166666667,57.6,3.64658326704,0,2003-07-07 07:00:00,5.31091171292
128,1-V,5.33333333333,58.05,3.70716527188,0,2003-07-07 08:00:00,5.51822056149
129,1-V,5.375,58.5,3.76852904663,0,2003-07-07 09:00:00,5.73318242667
130,1-V,5.41666666667,58.95,3.83067722043,0,2003-07-07 10:00:00,5.95605397616
131,1-V,5.45833333333,59.4,3.89361217003,0,2003-07-07 11:00:00,6.18709899188
132,1-V,5.5,59.85,3.95733601176,0,2003-07-07 12:00:00,6.42658848116
133,1-V,5.54166666667,60.3,4.02185059352,0,2003-07-07 13:00:00,6.67480078447
134,1-V,5.58333333333,60.75,4.08715748687,1,2003-07-07 14:00:00,6.93202167906
135,1-V,5.625,61.2,4.15325797908,1,2003-07-07 15:00:00,7.19854447839
136,1-V,5.66666666667,61.65,4.22015306527,1,2003-07-07 16:00:00,7.4746701266
137,1-V,5.70833333333,62.1,4.28784344072,1,2003-07-07 17:00:00,7.76070728777
138,1-V,5.75,62.55,4.35632949311,1,2003-07-07 18:00:00,8.05697242943
139,1-V,5.79166666667,63.0,4.42561129497,1,2003-07-07 19:00:00,8.36378989974
140,1-V,5.83333333333,63.45,4.49568859625,1,2003-07-07 20:00:00,8.68149199802
141,1-V,5.875,63.9,4.56656081695,1,2003-07-07 21:00:00,9.01041903787
142,1-V,5.91666666667,64.35,4.63822703998,1,2003-07-07 22:00:00,9.35091940253
143,1-V,5.95833333333,64.8,4.71068600413,1,2003-07-07 23:00:00,9.70334959178
144,1-V,6.0,65.25,4.78393609724,1,2003-07-08 00:00:00,10.0680742599
145,1-V,6.04166666667,65.7,4.85797534958,1,2003-07-08 01:00:00,10.4454662441
146,1-V,6.08333333333,66.15,4.93280142739,1,2003-07-08 02:00:00,10.8359065826
147,1-V,6.125,66.6,5.00841162673,1,2003-07-08 03:00:00,11.2397845221
148,1-V,6.16666666667,67.05,5.08480286749,1,2003-07-08 04:00:00,11.6574975139
149,1-V,6.20833333333,67.5,5.16197168769,1,2003-07-08 05:00:00,12.0894511977
150,1-V,6.25,67.95,5.23991423811,1,2003-07-08 06:00:00,12.5360593729
151,1-V,6.29166666667,68.4,5.31862627711,1,2003-07-08 07:00:00,12.9977439564
152,1-V,6.33333333333,68.85,5.39810316587,1,2003-07-08 08:00:00,13.4749349267
153,1-V,6.375,69.3,5.47833986385,1,2003-07-08 09:00:00,13.9680702526
154,1-V,6.41666666667,69.75,5.55933092468,1,2003-07-08 10:00:00,14.4775958076
155,1-V,6.45833333333,70.2,5.64107049236,1,2003-07-08 11:00:00,15.0039652674
156,1-V,6.5,70.65,5.72355229781,1,2003-07-08 12:00:00,15.5476399912
157,1-V,6.54166666667,71.1,5.8067696559,1,2003-07-08 13:00:00,16.1090888852
158,1-V,6.58333333333,71.55,5.89071546277,1,2003-07-08 14:00:00,16.6887882488
159,1-V,6.625,72.0,5.97538219362,1,2003-07-08 15:00:00,17.2872216014
160,1-V,6.66666666667,72.45,6.06076190099,1,2003-07-08 16:00:00,17.9048794905
161,1-V,6.70833333333,72.9,6.14684621334,1,2003-07-08 17:00:00,18.5422592796
162,1-V,6.75,73.35,6.23362633421,1,2003-07-08 18:00:00,19.1998649159
163,1-V,6.79166666667,73.8,6.32109304184,1,2003-07-08 19:00:00,19.8782066763
164,1-V,6.83333333333,74.25,6.40923668917,1,2003-07-08 20:00:00,20.5778008927
165,1-V,6.875,74.7,6.49804720447,1,2003-07-08 21:00:00,21.2991696541
166,1-V,6.91666666667,75.15,6.58751409235,1,2003-07-08 22:00:00,22.0428404873
167,1-V,6.95833333333,75.6,6.67762643538,1,2003-07-08 23:00:00,22.8093460129
168,1-V,7.0,76.05,6.76837289612,1,2003-07-09 00:00:00,23.5992235797
169,1-V,7.04166666667,76.5,6.85974171982,1,2003-07-09 01:00:00,24.413014873
170,1-V,7.08333333333,76.95,6.95172073748,1,2003-07-09 02:00:00,25.2512655006
171,1-V,7.125,77.4,7.04429736961,1,2003-07-09 03:00:00,26.1145245533
172,1-V,7.16666666667,77.85,7.13745863044,1,2003-07-09 04:00:00,27.0033441404
173,1-V,7.20833333333,78.3,7.23119113265,1,2003-07-09 05:00:00,27.918278901
174,1-V,7.25,78.75,7.32548109276,1,2003-07-09 06:00:00,28.8598854897
175,1-V,7.29166666667,79.2,7.42031433695,1,2003-07-09 07:00:00,29.8287220374
176,1-V,7.33333333333,79.65,7.51567630751,1,2003-07-09 08:00:00,30.825347587
177,1-V,7.375,80.1,7.61155206977,1,2003-07-09 09:00:00,31.850321504
178,1-V,7.41666666667,80.55,7.70792631962,1,2003-07-09 10:00:00,32.9042028625
179,1-V,7.45833333333,81.0,7.80478339157,1,2003-07-09 11:00:00,33.9875498065
180,1-V,7.5,81.45,7.90210726732,1,2003-07-09 12:00:00,35.1009188866
181,1-V,7.54166666667,81.9,7.99988158484,1,2003-07-09 13:00:00,36.2448643739
182,1-V,7.58333333333,82.35,8.09808964803,1,2003-07-09 14:00:00,37.4199375491
183,1-V,7.625,82.8,8.19671443683,1,2003-07-09 15:00:00,38.6266859704
184,1-V,7.66666666667,83.25,8.29573861787,1,2003-07-09 16:00:00,39.8656527184
185,1-V,7.70833333333,83.7,8.39514455557,1,2003-07-09 17:00:00,41.1373756199
186,1-V,7.75,84.15,8.49491432376,1,2003-07-09 18:00:00,42.4423864519
187,1-V,7.79166666667,84.6,8.59502971771,1,2003-07-09 19:00:00,43.7812101256
188,1-V,7.83333333333,85.05,8.69547226665,1,2003-07-09 20:00:00,45.1543638524
189,1-V,7.875,85.5,8.79622324668,1,2003-07-09 21:00:00,46.5623562929
190,1-V,7.91666666667,85.95,8.89726369413,1,2003-07-09 22:00:00,48.0056866901
191,1-V,7.95833333333,86.4,8.99857441926,1,2003-07-09 23:00:00,49.4848439879
192,1-V,8.0,86.85,9.10013602037,1,2003-07-10 00:00:00,51.0003059376
193,1-V,8.04166666667,87.3,9.20192889826,1,2003-07-10 01:00:00,52.5525381916
194,1-V,8.08333333333,87.75,9.30393327099,1,2003-07-10 02:00:00,54.1419933891
195,1-V,8.125,88.2,9.40612918897,1,2003-07-10 03:00:00,55.7691102328
196,1-V,8.16666666667,88.65,9.50849655033,1,2003-07-10 04:00:00,57.4343125603
197,1-V,8.20833333333,89.1,9.61101511649,1,2003-07-10 05:00:00,59.1380084115
198,1-V,8.25,89.55,9.71366452809,1,2003-07-10 06:00:00,60.8805890935
199,1-V,8.29166666667,90.0,9.81642432097,1,2003-07-10 07:00:00,62.6624282465
200,1-V,8.33333333333,90.45,9.91927394243,1,2003-07-10 08:00:00,64.4838809117
201,1-V,8.375,90.9,10.0221927676,1,2003-07-10 09:00:00,66.3452826038
202,1-V,8.41666666667,91.35,10.125160116,1,2003-07-10 10:00:00,68.2469483913
203,1-V,8.45833333333,91.8,10.2281552679,1,2003-07-10 11:00:00,70.1891719851
204,1-V,8.5,92.25,10.3311574816,1,2003-07-10 12:00:00,72.17222484
205,1-V,8.54166666667,92.7,10.4341460092,1,2003-07-10 13:00:00,74.1963552702
206,1-V,8.58333333333,93.15,10.5371001142,1,2003-07-10 14:00:00,76.2617875821
207,1-V,8.625,93.6,10.6399990876,1,2003-07-10 15:00:00,78.3687212257
208,1-V,8.66666666667,94.05,10.7428222649,1,2003-07-10 16:00:00,80.5173299693
209,1-V,8.70833333333,94.5,10.8455490424,1,2003-07-10 17:00:00,82.7077610979
210,1-V,8.75,94.95,10.9481588941,1,2003-07-10 18:00:00,84.9401346395
211,1-V,8.79166666667,95.4,11.0506313874,1,2003-07-10 19:00:00,87.2145426205
212,1-V,8.83333333333,95.85,11.1529461997,1,2003-07-10 20:00:00,89.531048354
213,1-V,8.875,96.3,11.2550831346,1,2003-07-10 21:00:00,91.8896857625
214,1-V,8.91666666667,96.75,11.3570221369,1,2003-07-10 22:00:00,94.2904587385
215,1-V,8.95833333333,97.2,11.4587433091,1,2003-07-10 23:00:00,96.7333405438
216,1-V,9.0,97.65,11.5602269258,1,2003-07-11 00:00:00,99.2182732516
217,1-V,9.04166666667,98.1,11.6614534494,1,2003-07-11 01:00:00,101.745167233
218,1-V,9.08333333333,98.55,11.7624035442,1,2003-07-11 02:00:00,104.313900687
219,1-V,9.125,99.0,11.8630580913,1,2003-07-11 03:00:00,106.924319227
220,1-V,9.16666666667,99.45,11.9633982021,1,2003-07-11 04:00:00,109.576235506
221,1-V,9.20833333333,99.9,12.0634052319,1,2003-07-11 05:00:00,112.269428903
222,1-V,9.25,100.35,12.1630607937,1,2003-07-11 06:00:00,115.003645261
223,1-V,9.29166666667,100.8,12.2623467702,1,2003-07-11 07:00:00,117.778596679
224,1-V,9.33333333333,101.25,12.3612453269,1,2003-07-11 08:00:00,120.593961363
225,1-V,9.375,101.7,12.4597389234,1,2003-07-11 09:00:00,123.449383531
226,1-V,9.41666666667,102.15,12.5578103252,1,2003-07-11 10:00:00,126.344473385
227,1-V,9.45833333333,102.6,12.6554426145,1,2003-07-11 11:00:00,129.278807135
228,1-V,9.5,103.05,12.7526192008,1,2003-07-11 12:00:00,132.251927088
229,1-V,9.54166666667,103.5,12.8493238309,1,2003-07-11 13:00:00,135.263341798
230,1-V,9.58333333333,103.95,12.9455405981,1,2003-07-11 14:00:00,138.312526277
231,1-V,9.625,104.4,13.0412539514,1,2003-07-11 15:00:00,141.398922271
232,1-V,9.66666666667,104.85,13.1364487038,1,2003-07-11 16:00:00,144.52193859
233,1-V,9.70833333333,105.3,13.2311100402,1,2003-07-11 17:00:00,147.680951511
234,1-V,9.75,105.75,13.3252235248,1,2003-07-11 18:00:00,150.875305231
235,1-V,9.79166666667,106.2,13.4187751077,1,2003-07-11 19:00:00,154.104312392
236,1-V,9.83333333333,106.65,13.5117511312,1,2003-07-11 20:00:00,157.367254654
237,1-V,9.875,107.1,13.6041383359,1,2003-07-11 21:00:00,160.663383337
238,1-V,9.91666666667,107.55,13.695923865,1,2003-07-11 22:00:00,163.991920113
239,1-V,9.95833333333,108.0,13.7870952698,1,2003-07-11 23:00:00,167.352057761
240,1-V,10.0,108.45,13.8776405132,1,2003-07-12 00:00:00,170.742960971
241,1-V,10.0416666667,108.9,13.9675479732,1,2003-07-12 01:00:00,174.163767205
242,1-V,10.0833333333,109.35,14.0568064465,1,2003-07-12 02:00:00,177.613587606
243,1-V,10.125,109.8,14.14540515,1,2003-07-12 03:00:00,181.091507957
244,1-V,10.1666666667,110.25,14.2333337235,1,2003-07-12 04:00:00,184.596589689
245,1-V,10.2083333333,110.7,14.3205822307,1,2003-07-12 05:00:00,188.127870929
246,1-V,10.25,111.15,14.4071411605,1,2003-07-12 06:00:00,191.684367593
247,1-V,10.2916666667,111.6,14.4930014268,1,2003-07-12 07:00:00,195.265074518
248,1-V,10.3333333333,112.05,14.578154369,1,2003-07-12 08:00:00,198.868966628
249,1-V,10.375,112.5,14.662591751,1,2003-07-12 09:00:00,202.495000137
250,1-V,10.4166666667,112.95,14.7463057604,1,2003-07-12 10:00:00,206.142113779
251,1-V,10.4583333333,113.4,14.8292890071,1,2003-07-12 11:00:00,209.809230069
252,1-V,10.5,113.85,14.9115345213,1,2003-07-12 12:00:00,213.495256585
253,1-V,10.5416666667,114.3,14.9930357508,1,2003-07-12 13:00:00,217.199087272
254,1-V,10.5833333333,114.75,15.073786559,1,2003-07-12 14:00:00,220.91960377
255,1-V,10.625,115.2,15.1537812209,1,2003-07-12 15:00:00,224.655676744
256,1-V,10.6666666667,115.65,15.2330144202,1,2003-07-12 16:00:00,228.40616724
257,1-V,10.7083333333,116.1,15.3114812451,1,2003-07-12 17:00:00,232.16992804
258,1-V,10.75,116.55,15.3891771842,1,2003-07-12 18:00:00,235.945805024
259,1-V,10.7916666667,117.0,15.4660981215,1,2003-07-12 19:00:00,239.732638537
260,1-V,10.8333333333,117.45,15.5422403322,1,2003-07-12 20:00:00,243.529264747
261,1-V,10.875,117.9,15.6176004767,1,2003-07-12 21:00:00,247.334517012
262,1-V,10.9166666667,118.35,15.6921755958,1,2003-07-12 22:00:00,251.147227223
263,1-V,10.9583333333,118.8,15.7659631042,1,2003-07-12 23:00:00,254.96622715
264,1-V,11.0,119.25,15.8389607853,1,2003-07-13 00:00:00,258.790349765
265,1-V,11.0416666667,119.7,15.911166784,1,2003-07-13 01:00:00,262.618430557
266,1-V,11.0833333333,120.15,15.9825796011,1,2003-07-13 02:00:00,266.449308819
267,1-V,11.125,120.6,16.053198086,1,2003-07-13 03:00:00,270.28182892
268,1-V,11.1666666667,121.05,16.12302143,1,2003-07-13 04:00:00,274.114841553
269,1-V,11.2083333333,121.5,16.1920491592,1,2003-07-13 05:00:00,277.947204946
270,1-V,11.25,121.95,16.2602811274,1,2003-07-13 06:00:00,281.77778606
271,1-V,11.2916666667,122.4,16.3277175086,1,2003-07-13 07:00:00,285.605461742
272,1-V,11.3333333333,122.85,16.3943587894,1,2003-07-13 08:00:00,289.42911985
273,1-V,11.375,123.3,16.4602057618,1,2003-07-13 09:00:00,293.247660348
274,1-V,11.4166666667,123.75,16.5252595149,1,2003-07-13 10:00:00,297.05999635
275,1-V,11.4583333333,124.2,16.5895214278,1,2003-07-13 11:00:00,300.865055146
276,1-V,11.5,124.65,16.652993161,1,2003-07-13 12:00:00,304.661779165
277,1-V,11.5416666667,125.1,16.7156766491,1,2003-07-13 13:00:00,308.449126916
278,1-V,11.5833333333,125.55,16.7775740923,1,2003-07-13 14:00:00,312.226073878
279,1-V,11.625,126.0,16.838687949,1,2003-07-13 15:00:00,315.991613343
280,1-V,11.6666666667,126.45,16.899020927,1,2003-07-13 16:00:00,319.744757228
281,1-V,11.7083333333,126.9,16.9585759764,1,2003-07-13 17:00:00,323.484536823
282,1-V,11.75,127.35,17.0173562807,1,2003-07-13 18:00:00,327.210003513
283,1-V,11.7916666667,127.8,17.0753652494,1,2003-07-13 19:00:00,330.92022944
284,1-V,11.8333333333,128.25,17.1326065097,1,2003-07-13 20:00:00,334.614308127
285,1-V,11.875,128.7,17.1890838985,1,2003-07-13 21:00:00,338.29135505
286,1-V,11.9166666667,129.15,17.2448014549,1,2003-07-13 22:00:00,341.95050817
287,1-V,11.9583333333,129.6,17.2997634118,1,2003-07-13 23:00:00,345.59092841
288,1-V,12.0,130.05,17.3539741885,1,2003-07-14 00:00:00,349.211800097
289,1-V,12.0416666667,130.5,17.4074383827,1,2003-07-14 01:00:00,352.812331351
290,1-V,12.0833333333,130.95,17.460160763,1,2003-07-14 02:00:00,356.391754429
291,1-V,12.125,131.4,17.5121462615,1,2003-07-14 03:00:00,359.949326028
292,1-V,12.1666666667,131.85,17.5633999659,1,2003-07-14 04:00:00,363.484327541
293,1-V,12.2083333333,132.3,17.6139271124,1,2003-07-14 05:00:00,366.996065273
294,1-V,12.25,132.75,17.6637330784,1,2003-07-14 06:00:00,370.483870614
295,1-V,12.2916666667,133.2,17.7128233752,1,2003-07-14 07:00:00,373.947100165
296,1-V,12.3333333333,133.65,17.7612036412,1,2003-07-14 08:00:00,377.385135836
297,1-V,12.375,134.1,17.8088796348,1,2003-07-14 09:00:00,380.797384892
298,1-V,12.4166666667,134.55,17.8558572273,1,2003-07-14 10:00:00,384.183279969
299,1-V,12.4583333333,135.0,17.9021423968,1,2003-07-14 11:00:00,387.542279049
300,1-V,12.5,135.45,17.9477412213,1,2003-07-14 12:00:00,390.873865404
301,1-V,12.5416666667,135.9,17.9926598721,1,2003-07-14 13:00:00,394.177547501
302,1-V,12.5833333333,136.35,18.0369046079,1,2003-07-14 14:00:00,397.452858878
303,1-V,12.625,136.8,18.0804817683,1,2003-07-14 15:00:00,400.699357985
304,1-V,12.6666666667,137.25,18.1233977682,1,2003-07-14 16:00:00,403.916627994
305,1-V,12.7083333333,137.7,18.1656590913,1,2003-07-14 17:00:00,407.10427659
306,1-V,12.75,138.15,18.207272285,1,2003-07-14 18:00:00,410.261935722
307,1-V,12.7916666667,138.6,18.2482439544,1,2003-07-14 19:00:00,413.389261332
308,1-V,12.8333333333,139.05,18.2885807571,2,2003-07-14 20:00:00,416.485933066
309,1-V,12.875,139.5,18.3282893977,2,2003-07-14 21:00:00,419.551653956
310,1-V,12.9166666667,139.95,18.3673766229,2,2003-07-14 22:00:00,422.586150077
311,1-V,12.9583333333,140.4,18.405849216,2,2003-07-14 23:00:00,425.589170196
312,1-V,13.0,140.85,18.4437139928,2,2003-07-15 00:00:00,428.560485386
313,1-V,13.0416666667,141.3,18.4809777962,2,2003-07-15 01:00:00,431.49988864
314,1-V,13.0833333333,141.75,18.517647492,2,2003-07-15 02:00:00,434.407194453
315,1-V,13.125,142.2,18.5537299643,2,2003-07-15 03:00:00,437.282238403
316,1-V,13.1666666667,142.65,18.5892321113,2,2003-07-15 04:00:00,440.124876707
317,1-V,13.2083333333,143.1,18.6241608412,2,2003-07-15 05:00:00,442.934985776
318,1-V,13.25,143.55,18.658523068,2,2003-07-15 06:00:00,445.712461748
319,1-V,13.2916666667,144.0,18.6923257081,2,2003-07-15 07:00:00,448.457220022
320,1-V,13.3333333333,144.45,18.7255756758,2,2003-07-15 08:00:00,451.169194779
321,1-V,13.375,144.9,18.7582798806,2,2003-07-15 09:00:00,453.848338492
322,1-V,13.4166666667,145.35,18.790445223,2,2003-07-15 10:00:00,456.494621439
323,1-V,13.4583333333,145.8,18.8220785917,2,2003-07-15 11:00:00,459.108031201
324,1-V,13.5,146.25,18.8531868602,2,2003-07-15 12:00:00,461.688572169
325,1-V,13.5416666667,146.7,18.8837768837,2,2003-07-15 13:00:00,464.23626503
326,1-V,13.5833333333,147.15,18.9138554962,2,2003-07-15 14:00:00,466.751146273
327,1-V,13.625,147.6,18.9434295077,2,2003-07-15 15:00:00,469.233267672
328,1-V,13.6666666667,148.05,18.9725057016,2,2003-07-15 16:00:00,471.68269579
329,1-V,13.7083333333,148.5,19.001090832,2,2003-07-15 17:00:00,474.099511464
330,1-V,13.75,148.95,19.0291916213,2,2003-07-15 18:00:00,476.483809306
331,1-V,13.7916666667,149.4,19.0568147579,2,2003-07-15 19:00:00,478.835697204
332,1-V,13.8333333333,149.85,19.0839668938,2,2003-07-15 20:00:00,481.155295815
333,1-V,13.875,150.3,19.1106546428,2,2003-07-15 21:00:00,483.442738078
334,1-V,13.9166666667,150.75,19.1368845782,2,2003-07-15 22:00:00,485.69816872
335,1-V,13.9583333333,151.2,19.162663231,2,2003-07-15 23:00:00,487.92174377
336,1-V,14.0,151.65,19.1879970882,2,2003-07-16 00:00:00,490.11363008
337,1-V,14.0416666667,152.1,19.2128925908,2,2003-07-16 01:00:00,492.27400485
338,1-V,14.0833333333,152.55,19.2373561325,2,2003-07-16 02:00:00,494.40305516
339,1-V,14.125,153.0,19.2613940582,2,2003-07-16 03:00:00,496.500977511
340,1-V,14.1666666667,153.45,19.2850126622,2,2003-07-16 04:00:00,498.567977368
341,1-V,14.2083333333,153.9,19.3082181873,2,2003-07-16 05:00:00,500.604268718
342,1-V,14.25,154.35,19.3310168233,2,2003-07-16 06:00:00,502.610073628
343,1-V,14.2916666667,154.8,19.3534147058,2,2003-07-16 07:00:00,504.58562182
344,1-V,14.3333333333,155.25,19.3754179154,2,2003-07-16 08:00:00,506.531150243
345,1-V,14.375,155.7,19.3970324764,2,2003-07-16 09:00:00,508.446902669
346,1-V,14.4166666667,156.15,19.418264356,2,2003-07-16 10:00:00,510.333129283
347,1-V,14.4583333333,156.6,19.4391194635,2,2003-07-16 11:00:00,512.19008629
348,1-V,14.5,157.05,19.4596036494,2,2003-07-16 12:00:00,514.018035534
349,1-V,14.5416666667,157.5,19.4797227046,2,2003-07-16 13:00:00,515.817244118
350,1-V,14.5833333333,157.95,19.4994823601,2,2003-07-16 14:00:00,517.587984039
351,1-V,14.625,158.4,19.518888286,2,2003-07-16 15:00:00,519.330531832
352,1-V,14.6666666667,158.85,19.5379460914,2,2003-07-16 16:00:00,521.045168226
353,1-V,14.7083333333,159.3,19.5566613235,2,2003-07-16 17:00:00,522.732177801
354,1-V,14.75,159.75,19.5750394675,2,2003-07-16 18:00:00,524.391848667
355,1-V,14.7916666667,160.2,19.5930859462,2,2003-07-16 19:00:00,526.024472141
356,1-V,14.8333333333,160.65,19.6108061195,2,2003-07-16 20:00:00,527.630342445
357,1-V,14.875,161.1,19.6282052846,2,2003-07-16 21:00:00,529.209756402
358,1-V,14.9166666667,161.55,19.6452886751,2,2003-07-16 22:00:00,530.76301315
359,1-V,14.9583333333,162.0,19.6620614617,2,2003-07-16 23:00:00,532.290413864
360,1-V,15.0,162.45,19.6785287514,2,2003-07-17 00:00:00,533.792261486
361,1-V,15.0416666667,162.9,19.6946955877,2,2003-07-17 01:00:00,535.268860461
362,1-V,15.0833333333,163.35,19.7105669508,2,2003-07-17 02:00:00,536.720516491
363,1-V,15.125,163.8,19.7261477571,2,2003-07-17 03:00:00,538.147536292
364,1-V,15.1666666667,164.25,19.7414428598,2,2003-07-17 04:00:00,539.55022736
365,1-V,15.2083333333,164.7,19.7564570486,2,2003-07-17 05:00:00,540.928897745
366,1-V,15.25,165.15,19.7711950501,2,2003-07-17 06:00:00,542.283855841
367,1-V,15.2916666667,165.6,19.7856615278,2,2003-07-17 07:00:00,543.615410178
368,1-V,15.3333333333,166.05,19.7998610822,2,2003-07-17 08:00:00,544.923869219
369,1-V,15.375,166.5,19.8137982514,2,2003-07-17 09:00:00,546.209541177
370,1-V,15.4166666667,166.95,19.8274775108,2,2003-07-17 10:00:00,547.472733831
371,1-V,15.4583333333,167.4,19.8409032741,2,2003-07-17 11:00:00,548.713754348
372,1-V,15.5,167.85,19.8540798928,2,2003-07-17 12:00:00,549.932909126
373,1-V,15.5416666667,168.3,19.867011657,2,2003-07-17 13:00:00,551.130503627
374,1-V,15.5833333333,168.75,19.8797027957,2,2003-07-17 14:00:00,552.306842231
375,1-V,15.625,169.2,19.8921574773,2,2003-07-17 15:00:00,553.462228092
376,1-V,15.6666666667,169.65,19.9043798096,2,2003-07-17 16:00:00,554.596963001
377,1-V,15.7083333333,170.1,19.9163738404,2,2003-07-17 17:00:00,555.711347256
378,1-V,15.75,170.55,19.9281435581,2,2003-07-17 18:00:00,556.80567954
379,1-V,15.7916666667,171.0,19.9396928919,2,2003-07-17 19:00:00,557.880256806
380,1-V,15.8333333333,171.45,19.9510257125,2,2003-07-17 20:00:00,558.935374163
381,1-V,15.875,171.9,19.9621458323,2,2003-07-17 21:00:00,559.971324778
382,1-V,15.9166666667,172.35,19.9730570061,2,2003-07-17 22:00:00,560.988399772
383,1-V,15.9583333333,172.8,19.9837629314,2,2003-07-17 23:00:00,561.986888133
384,1-V,16.0,173.25,19.9942672493,2,2003-07-18 00:00:00,562.96707663
385,1-V,16.0416666667,173.7,20.0045735445,2,2003-07-18 01:00:00,563.929249728
386,1-V,16.0833333333,174.15,20.0146853463,2,2003-07-18 02:00:00,564.873689515
387,1-V,16.125,174.6,20.0246061287,2,2003-07-18 03:00:00,565.800675632
388,1-V,16.1666666667,175.05,20.0343393114,2,2003-07-18 04:00:00,566.710485207
389,1-V,16.2083333333,175.5,20.0438882601,2,2003-07-18 05:00:00,567.603392795
390,1-V,16.25,175.95,20.053256287,2,2003-07-18 06:00:00,568.47967032
391,1-V,16.2916666667,176.4,20.0624466518,2,2003-07-18 07:00:00,569.339587025
392,1-V,16.3333333333,176.85,20.0714625615,2,2003-07-18 08:00:00,570.183409425
393,1-V,16.375,177.3,20.0803071719,2,2003-07-18 09:00:00,571.011401263
394,1-V,16.4166666667,177.75,20.0889835875,2,2003-07-18 10:00:00,571.823823468
395,1-V,16.4583333333,178.2,20.0974948623,2,2003-07-18 11:00:00,572.620934127
396,1-V,16.5,178.65,20.1058440005,2,2003-07-18 12:00:00,573.402988444
397,1-V,16.5416666667,179.1,20.1140339571,2,2003-07-18 13:00:00,574.170238719
398,1-V,16.5833333333,179.55,20.1220676382,2,2003-07-18 14:00:00,574.922934319
399,1-V,16.625,180.0,20.1299479019,2,2003-07-18 15:00:00,575.661321657
400,1-V,16.6666666667,180.45,20.1376775589,2,2003-07-18 16:00:00,576.385644177
401,1-V,16.7083333333,180.9,20.145259373,2,2003-07-18 17:00:00,577.096142331
402,1-V,16.75,181.35,20.1526960616,2,2003-07-18 18:00:00,577.793053574
403,1-V,16.7916666667,181.8,20.1599902965,2,2003-07-18 19:00:00,578.476612349
404,1-V,16.8333333333,182.25,20.1671447044,2,2003-07-18 20:00:00,579.147050083
405,1-V,16.875,182.7,20.1741618675,2,2003-07-18 21:00:00,579.804595178
406,1-V,16.9166666667,183.15,20.1810443242,2,2003-07-18 22:00:00,580.449473012
407,1-V,16.9583333333,183.6,20.1877945695,2,2003-07-18 23:00:00,581.081905937
408,1-V,17.0,184.05,20.1944150559,2,2003-07-19 00:00:00,581.702113279
409,1-V,17.0416666667,184.5,20.2009081934,2,2003-07-19 01:00:00,582.310311348
410,1-V,17.0833333333,184.95,20.207276351,2,2003-07-19 02:00:00,582.906713436
411,1-V,17.125,185.4,20.2135218564,2,2003-07-19 03:00:00,583.491529829
412,1-V,17.1666666667,185.85,20.2196469971,2,2003-07-19 04:00:00,584.064967817
413,1-V,17.2083333333,186.3,20.2256540209,2,2003-07-19 05:00:00,584.6272317
414,1-V,17.25,186.75,20.2315451362,2,2003-07-19 06:00:00,585.178522808
415,1-V,17.2916666667,187.2,20.2373225131,2,2003-07-19 07:00:00,585.719039509
416,1-V,17.3333333333,187.65,20.2429882834,2,2003-07-19 08:00:00,586.248977224
417,1-V,17.375,188.1,20.2485445415,2,2003-07-19 09:00:00,586.768528451
418,1-V,17.4166666667,188.55,20.253993345,2,2003-07-19 10:00:00,587.277882772
419,1-V,17.4583333333,189.0,20.2593367151,2,2003-07-19 11:00:00,587.777226883
420,1-V,17.5,189.45,20.264576637,2,2003-07-19 12:00:00,588.266744606
421,1-V,17.5416666667,189.9,20.269715061,2,2003-07-19 13:00:00,588.746616914
422,1-V,17.5833333333,190.35,20.2747539023,2,2003-07-19 14:00:00,589.217021952
423,1-V,17.625,190.8,20.2796950422,2,2003-07-19 15:00:00,589.678135061
424,1-V,17.6666666667,191.25,20.2845403283,2,2003-07-19 16:00:00,590.1301288
425,1-V,17.7083333333,191.7,20.289291575,2,2003-07-19 17:00:00,590.573172972
426,1-V,17.75,192.15,20.2939505642,2,2003-07-19 18:00:00,591.007434648
427,1-V,17.7916666667,192.6,20.2985190456,2,2003-07-19 19:00:00,591.433078195
428,1-V,17.8333333333,193.05,20.3029987376,2,2003-07-19 20:00:00,591.8502653
429,1-V,17.875,193.5,20.3073913272,2,2003-07-19 21:00:00,592.259154998
430,1-V,17.9166666667,193.95,20.311698471,2,2003-07-19 22:00:00,592.659903702
431,1-V,17.9583333333,194.4,20.3159217956,2,2003-07-19 23:00:00,593.052665225
432,1-V,18.0,194.85,20.3200628979,2,2003-07-20 00:00:00,593.437590814
433,1-V,18.0416666667,195.3,20.3241233458,2,2003-07-20 01:00:00,593.814829177
434,1-V,18.0833333333,195.75,20.3281046786,2,2003-07-20 02:00:00,594.184526512
435,1-V,18.125,196.2,20.3320084074,2,2003-07-20 03:00:00,594.546826534
436,1-V,18.1666666667,196.65,20.3358360155,2,2003-07-20 04:00:00,594.901870509
437,1-V,18.2083333333,197.1,20.3395889592,2,2003-07-20 05:00:00,595.249797281
438,1-V,18.25,197.55,20.343268668,2,2003-07-20 06:00:00,595.590743301
439,1-V,18.2916666667,198.0,20.346876545,2,2003-07-20 07:00:00,595.92484266
440,1-V,18.3333333333,198.45,20.3504139674,2,2003-07-20 08:00:00,596.252227119
441,1-V,18.375,198.9,20.3538822872,2,2003-07-20 09:00:00,596.573026135
442,1-V,18.4166666667,199.35,20.3572828311,2,2003-07-20 10:00:00,596.887366898
443,1-V,18.4583333333,199.8,20.3606169014,2,2003-07-20 11:00:00,597.195374354
444,1-V,18.5,200.25,20.3638857762,2,2003-07-20 12:00:00,597.497171244
445,1-V,18.5416666667,200.7,20.3670907099,2,2003-07-20 13:00:00,597.792878126
446,1-V,18.5833333333,201.15,20.3702329335,2,2003-07-20 14:00:00,598.082613412
447,1-V,18.625,201.6,20.3733136551,2,2003-07-20 15:00:00,598.366493393
448,1-V,18.6666666667,202.05,20.3763340602,2,2003-07-20 16:00:00,598.644632274
449,1-V,18.7083333333,202.5,20.3792953124,2,2003-07-20 17:00:00,598.9171422
450,1-V,18.75,202.95,20.3821985531,2,2003-07-20 18:00:00,599.184133289
451,1-V,18.7916666667,203.4,20.3850449029,2,2003-07-20 19:00:00,599.445713662
452,1-V,18.8333333333,203.85,20.3878354608,2,2003-07-20 20:00:00,599.701989469
453,1-V,18.875,204.3,20.3905713056,2,2003-07-20 21:00:00,599.953064922
454,1-V,18.9166666667,204.75,20.3932534957,2,2003-07-20 22:00:00,600.199042326
455,1-V,18.9583333333,205.2,20.3958830695,2,2003-07-20 23:00:00,600.440022103
456,1-V,19.0,205.65,20.3984610459,2,2003-07-21 00:00:00,600.676102826
457,1-V,19.0416666667,206.1,20.4009884247,2,2003-07-21 01:00:00,600.907381244
458,1-V,19.0833333333,206.55,20.4034661866,2,2003-07-21 02:00:00,601.133952313
459,1-V,19.125,207.0,20.405895294,2,2003-07-21 03:00:00,601.355909224
460,1-V,19.1666666667,207.45,20.4082766909,2,2003-07-21 04:00:00,601.573343431
461,1-V,19.2083333333,207.9,20.4106113036,2,2003-07-21 05:00:00,601.786344679
462,1-V,19.25,208.35,20.4129000407,2,2003-07-21 06:00:00,601.995001032
463,1-V,19.2916666667,208.8,20.4151437936,2,2003-07-21 07:00:00,602.199398897
464,1-V,19.3333333333,209.25,20.4173434369,2,2003-07-21 08:00:00,602.399623057
465,1-V,19.375,209.7,20.4194998283,2,2003-07-21 09:00:00,602.595756693
466,1-V,19.4166666667,210.15,20.4216138095,2,2003-07-21 10:00:00,602.787881414
467,1-V,19.4583333333,210.6,20.423686206,2,2003-07-21 11:00:00,602.976077281
468,1-V,19.5,211.05,20.4257178275,2,2003-07-21 12:00:00,603.160422831
469,1-V,19.5416666667,211.5,20.4277094684,2,2003-07-21 13:00:00,603.34099511
470,1-V,19.5833333333,211.95,20.429661908,2,2003-07-21 14:00:00,603.517869691
471,1-V,19.625,212.4,20.4315759103,2,2003-07-21 15:00:00,603.6911207
472,1-V,19.6666666667,212.85,20.4334522253,2,2003-07-21 16:00:00,603.860820847
473,1-V,19.7083333333,213.3,20.4352915881,2,2003-07-21 17:00:00,604.027041442
474,1-V,19.75,213.75,20.43709472,2,2003-07-21 18:00:00,604.189852426
475,1-V,19.7916666667,214.2,20.4388623285,2,2003-07-21 19:00:00,604.349322391
476,1-V,19.8333333333,214.65,20.4405951074,2,2003-07-21 20:00:00,604.505518605
477,1-V,19.875,215.1,20.4422937372,2,2003-07-21 21:00:00,604.658507033
478,1-V,19.9166666667,215.55,20.4439588855,2,2003-07-21 22:00:00,604.808352367
479,1-V,19.9583333333,216.0,20.4455912068,2,2003-07-21 23:00:00,604.955118037
480,1-V,20.0,216.45,20.4471913432,2,2003-07-22 00:00:00,605.098866246
481,1-V,20.0416666667,216.9,20.4487599244,2,2003-07-22 01:00:00,605.23965798
482,1-V,20.0833333333,217.35,20.4502975679,3,2003-07-22 02:00:00,605.377553042
483,1-V,20.125,217.8,20.4518048794,3,2003-07-22 03:00:00,605.512610061
484,1-V,20.1666666667,218.25,20.453282453,3,2003-07-22 04:00:00,605.644886523
485,1-V,20.2083333333,218.7,20.454730871,3,2003-07-22 05:00:00,605.774438787
486,1-V,20.25,219.15,20.4561507048,3,2003-07-22 06:00:00,605.901322105
487,1-V,20.2916666667,219.6,20.4575425147,3,2003-07-22 07:00:00,606.025590645
488,1-V,20.3333333333,220.05,20.4589068499,3,2003-07-22 08:00:00,606.147297508
489,1-V,20.375,220.5,20.4602442494,3,2003-07-22 09:00:00,606.266494751
490,1-V,20.4166666667,220.95,20.4615552415,3,2003-07-22 10:00:00,606.383233403
491,1-V,20.4583333333,221.4,20.4628403442,3,2003-07-22 11:00:00,606.497563485
492,1-V,20.5,221.85,20.4641000658,3,2003-07-22 12:00:00,606.609534029
493,1-V,20.5416666667,222.3,20.4653349044,3,2003-07-22 13:00:00,606.719193096
494,1-V,20.5833333333,222.75,20.4665453486,3,2003-07-22 14:00:00,606.826587794
495,1-V,20.625,223.2,20.4677318775,3,2003-07-22 15:00:00,606.931764298
496,1-V,20.6666666667,223.65,20.468894961,3,2003-07-22 16:00:00,607.034767864
497,1-V,20.7083333333,224.1,20.4700350597,3,2003-07-22 17:00:00,607.135642847
498,1-V,20.75,224.55,20.4711526253,3,2003-07-22 18:00:00,607.234432721
499,1-V,20.7916666667,225.0,20.4722481008,3,2003-07-22 19:00:00,607.331180092
500,1-V,20.8333333333,225.45,20.4733219206,3,2003-07-22 20:00:00,607.425926716
501,1-V,20.875,225.9,20.4743745104,3,2003-07-22 21:00:00,607.518713516
502,1-V,20.9166666667,226.35,20.4754062881,3,2003-07-22 22:00:00,607.609580594
503,1-V,20.9583333333,226.8,20.4764176629,3,2003-07-22 23:00:00,607.698567252
504,1-V,21.0,227.25,20.4774090363,3,2003-07-23 00:00:00,607.785712005
505,1-V,21.0416666667,227.7,20.4783808022,3,2003-07-23 01:00:00,607.871052593
506,1-V,21.0833333333,228.15,20.4793333464,3,2003-07-23 02:00:00,607.954626002
507,1-V,21.125,228.6,20.4802670474,3,2003-07-23 03:00:00,608.036468472
508,1-V,21.1666666667,229.05,20.4811822763,3,2003-07-23 04:00:00,608.116615516
509,1-V,21.2083333333,229.5,20.4820793969,3,2003-07-23 05:00:00,608.195101932
510,1-V,21.25,229.95,20.482958766,3,2003-07-23 06:00:00,608.271961818
511,1-V,21.2916666667,230.4,20.4838207334,3,2003-07-23 07:00:00,608.347228583
512,1-V,21.3333333333,230.85,20.484665642,3,2003-07-23 08:00:00,608.420934963
513,1-V,21.375,231.3,20.4854938279,3,2003-07-23 09:00:00,608.493113035
514,1-V,21.4166666667,231.75,20.486305621,3,2003-07-23 10:00:00,608.563794224
515,1-V,21.4583333333,232.2,20.4871013443,3,2003-07-23 11:00:00,608.633009324
516,1-V,21.5,232.65,20.4878813149,3,2003-07-23 12:00:00,608.700788503
517,1-V,21.5416666667,233.1,20.4886458433,3,2003-07-23 13:00:00,608.76716132
518,1-V,21.5833333333,233.55,20.4893952342,3,2003-07-23 14:00:00,608.832156733
519,1-V,21.625,234.0,20.4901297863,3,2003-07-23 15:00:00,608.895803114
520,1-V,21.6666666667,234.45,20.4908497922,3,2003-07-23 16:00:00,608.958128262
521,1-V,21.7083333333,234.9,20.4915555391,3,2003-07-23 17:00:00,609.019159407
522,1-V,21.75,235.35,20.4922473085,3,2003-07-23 18:00:00,609.078923229
523,1-V,21.7916666667,235.8,20.4929253762,3,2003-07-23 19:00:00,609.137445865
524,1-V,21.8333333333,236.25,20.4935900127,3,2003-07-23 20:00:00,609.19475292
525,1-V,21.875,236.7,20.4942414832,3,2003-07-23 21:00:00,609.250869478
526,1-V,21.9166666667,237.15,20.4948800477,3,2003-07-23 22:00:00,609.305820113
527,1-V,21.9583333333,237.6,20.4955059612,3,2003-07-23 23:00:00,609.359628897
528,1-V,22.0,238.05,20.4961194734,3,2003-07-24 00:00:00,609.412319413
529,1-V,22.0416666667,238.5,20.4967208295,3,2003-07-24 01:00:00,609.463914761
530,1-V,22.0833333333,238.95,20.4973102695,3,2003-07-24 02:00:00,609.514437572
531,1-V,22.125,239.4,20.4978880289,3,2003-07-24 03:00:00,609.563910012
532,1-V,22.1666666667,239.85,20.4984543386,3,2003-07-24 04:00:00,609.612353796
533,1-V,22.2083333333,240.3,20.4990094247,3,2003-07-24 05:00:00,609.659790196
534,1-V,22.25,240.75,20.4995535093,3,2003-07-24 06:00:00,609.706240047
535,1-V,22.2916666667,241.2,20.5000868097,3,2003-07-24 07:00:00,609.751723759
536,1-V,22.3333333333,241.65,20.5006095392,3,2003-07-24 08:00:00,609.796261324
537,1-V,22.375,242.1,20.5011219067,3,2003-07-24 09:00:00,609.839872324
538,1-V,22.4166666667,242.55,20.5016241172,3,2003-07-24 10:00:00,609.882575941
539,1-V,22.4583333333,243.0,20.5021163715,3,2003-07-24 11:00:00,609.924390964
540,1-V,22.5,243.45,20.5025988666,3,2003-07-24 12:00:00,609.965335794
541,1-V,22.5416666667,243.9,20.5030717955,3,2003-07-24 13:00:00,610.005428458
542,1-V,22.5833333333,244.35,20.5035353474,3,2003-07-24 14:00:00,610.044686612
543,1-V,22.625,244.8,20.5039897078,3,2003-07-24 15:00:00,610.083127547
544,1-V,22.6666666667,245.25,20.5044350586,3,2003-07-24 16:00:00,610.120768204
545,1-V,22.7083333333,245.7,20.504871578,3,2003-07-24 17:00:00,610.157625171
546,1-V,22.75,246.15,20.5052994409,3,2003-07-24 18:00:00,610.193714697
547,1-V,22.7916666667,246.6,20.5057188185,3,2003-07-24 19:00:00,610.229052699
548,1-V,22.8333333333,247.05,20.5061298788,3,2003-07-24 20:00:00,610.263654762
549,1-V,22.875,247.5,20.5065327864,3,2003-07-24 21:00:00,610.297536155
550,1-V,22.9166666667,247.95,20.5069277027,3,2003-07-24 22:00:00,610.33071183
551,1-V,22.9583333333,248.4,20.5073147859,3,2003-07-24 23:00:00,610.363196431
552,1-V,23.0,248.85,20.5076941911,3,2003-07-25 00:00:00,610.395004302
553,1-V,23.0416666667,249.3,20.5080660702,3,2003-07-25 01:00:00,610.426149491
554,1-V,23.0833333333,249.75,20.5084305724,3,2003-07-25 02:00:00,610.456645756
555,1-V,23.125,250.2,20.5087878437,3,2003-07-25 03:00:00,610.486506572
556,1-V,23.1666666667,250.65,20.5091380272,3,2003-07-25 04:00:00,610.515745134
557,1-V,23.2083333333,251.1,20.5094812635,3,2003-07-25 05:00:00,610.544374369
558,1-V,23.25,251.55,20.50981769,3,2003-07-25 06:00:00,610.572406933
559,1-V,23.2916666667,252.0,20.5101474417,3,2003-07-25 07:00:00,610.599855223
560,1-V,23.3333333333,252.45,20.5104706508,3,2003-07-25 08:00:00,610.62673138
561,1-V,23.375,252.9,20.5107874469,3,2003-07-25 09:00:00,610.653047294
562,1-V,23.4166666667,253.35,20.511097957,3,2003-07-25 10:00:00,610.678814609
563,1-V,23.4583333333,253.8,20.5114023058,3,2003-07-25 11:00:00,610.704044729
564,1-V,23.5,254.25,20.5117006152,3,2003-07-25 12:00:00,610.728748821
565,1-V,23.5416666667,254.7,20.5119930049,3,2003-07-25 13:00:00,610.752937824
566,1-V,23.5833333333,255.15,20.5122795923,3,2003-07-25 14:00:00,610.776622448
567,1-V,23.625,255.6,20.5125604924,3,2003-07-25 15:00:00,610.799813183
568,1-V,23.6666666667,256.05,20.5128358178,3,2003-07-25 16:00:00,610.822520301
569,1-V,23.7083333333,256.5,20.513105679,3,2003-07-25 17:00:00,610.844753863
570,1-V,23.75,256.95,20.5133701844,3,2003-07-25 18:00:00,610.86652372
571,1-V,23.7916666667,257.4,20.5136294401,3,2003-07-25 19:00:00,610.88783952
572,1-V,23.8333333333,257.85,20.5138835502,3,2003-07-25 20:00:00,610.90871071
573,1-V,23.875,258.3,20.5141326166,3,2003-07-25 21:00:00,610.929146545
574,1-V,23.9166666667,258.75,20.5143767394,3,2003-07-25 22:00:00,610.949156084
575,1-V,23.9583333333,259.2,20.5146160166,3,2003-07-25 23:00:00,610.9687482
576,1-V,24.0,259.65,20.5148505442,3,2003-07-26 00:00:00,610.987931583
577,1-V,24.0416666667,260.1,20.5150804164,3,2003-07-26 01:00:00,611.006714742
578,1-V,24.0833333333,260.55,20.5153057256,3,2003-07-26 02:00:00,611.025106009
579,1-V,24.125,261.0,20.5155265621,3,2003-07-26 03:00:00,611.043113545
580,1-V,24.1666666667,261.45,20.5157430148,3,2003-07-26 04:00:00,611.060745341
581,1-V,24.2083333333,261.9,20.5159551705,3,2003-07-26 05:00:00,611.07800922
582,1-V,24.25,262.35,20.5161631145,3,2003-07-26 06:00:00,611.094912847
583,1-V,24.2916666667,262.8,20.5163669302,3,2003-07-26 07:00:00,611.111463725
584,1-V,24.3333333333,263.25,20.5165666996,3,2003-07-26 08:00:00,611.127669201
585,1-V,24.375,263.7,20.5167625029,3,2003-07-26 09:00:00,611.143536472
586,1-V,24.4166666667,264.15,20.5169544188,3,2003-07-26 10:00:00,611.159072583
587,1-V,24.4583333333,264.6,20.5171425243,3,2003-07-26 11:00:00,611.174284435
588,1-V,24.5,265.05,20.5173268952,3,2003-07-26 12:00:00,611.189178783
589,1-V,24.5416666667,265.5,20.5175076054,3,2003-07-26 13:00:00,611.203762245
590,1-V,24.5833333333,265.95,20.5176847275,3,2003-07-26 14:00:00,611.218041299
591,1-V,24.625,266.4,20.5178583328,3,2003-07-26 15:00:00,611.23202229
592,1-V,24.6666666667,266.85,20.5180284911,3,2003-07-26 16:00:00,611.245711429
593,1-V,24.7083333333,267.3,20.5181952706,3,2003-07-26 17:00:00,611.259114801
594,1-V,24.75,267.75,20.5183587385,3,2003-07-26 18:00:00,611.272238361
595,1-V,24.7916666667,268.2,20.5185189605,3,2003-07-26 19:00:00,611.285087945
596,1-V,24.8333333333,268.65,20.5186760009,3,2003-07-26 20:00:00,611.297669262
597,1-V,24.875,269.1,20.5188299229,3,2003-07-26 21:00:00,611.309987908
598,1-V,24.9166666667,269.55,20.5189807884,3,2003-07-26 22:00:00,611.322049357
599,1-V,24.9583333333,270.0,20.519128658,3,2003-07-26 23:00:00,611.333858974
600,1-V,25.0,270.45,20.5192735912,3,2003-07-27 00:00:00,611.34542201
601,1-V,25.0416666667,270.9,20.5194156462,3,2003-07-27 01:00:00,611.356743607
602,1-V,25.0833333333,271.35,20.5195548802,3,2003-07-27 02:00:00,611.3678288
603,1-V,25.125,271.8,20.5196913491,3,2003-07-27 03:00:00,611.37868252
604,1-V,25.1666666667,272.25,20.5198251078,3,2003-07-27 04:00:00,611.389309594
605,1-V,25.2083333333,272.7,20.5199562102,3,2003-07-27 05:00:00,611.399714751
606,1-V,25.25,273.15,20.5200847088,3,2003-07-27 06:00:00,611.409902619
607,1-V,25.2916666667,273.6,20.5202106555,3,2003-07-27 07:00:00,611.419877731
608,1-V,25.3333333333,274.05,20.5203341008,3,2003-07-27 08:00:00,611.429644526
609,1-V,25.375,274.5,20.5204550945,3,2003-07-27 09:00:00,611.439207349
610,1-V,25.4166666667,274.95,20.5205736851,3,2003-07-27 10:00:00,611.448570455
611,1-V,25.4583333333,275.4,20.5206899204,3,2003-07-27 11:00:00,611.457738013
612,1-V,25.5,275.85,20.5208038471,3,2003-07-27 12:00:00,611.466714102
613,1-V,25.5416666667,276.3,20.520915511,3,2003-07-27 13:00:00,611.475502717
614,1-V,25.5833333333,276.75,20.5210249572,3,2003-07-27 14:00:00,611.484107771
615,1-V,25.625,277.2,20.5211322295,3,2003-07-27 15:00:00,611.492533093
616,1-V,25.6666666667,277.65,20.5212373711,3,2003-07-27 16:00:00,611.500782435
617,1-V,25.7083333333,278.1,20.5213404244,3,2003-07-27 17:00:00,611.508859469
618,1-V,25.75,278.55,20.5214414309,3,2003-07-27 18:00:00,611.516767791
619,1-V,25.7916666667,279.0,20.521540431,3,2003-07-27 19:00:00,611.524510922
620,1-V,25.8333333333,279.45,20.5216374648,3,2003-07-27 20:00:00,611.532092311
621,1-V,25.875,279.9,20.5217325711,3,2003-07-27 21:00:00,611.539515333
622,1-V,25.9166666667,280.35,20.5218257883,3,2003-07-27 22:00:00,611.546783294
623,1-V,25.9583333333,280.8,20.5219171539,3,2003-07-27 23:00:00,611.55389943
624,1-V,26.0,281.25,20.5220067047,3,2003-07-28 00:00:00,611.560866911
625,1-V,26.0416666667,281.7,20.5220944766,3,2003-07-28 01:00:00,611.56768884
626,1-V,26.0833333333,282.15,20.5221805051,3,2003-07-28 02:00:00,611.574368256
627,1-V,26.125,282.6,20.5222648247,3,2003-07-28 03:00:00,611.580908134
628,1-V,26.1666666667,283.05,20.5223474693,3,2003-07-28 04:00:00,611.587311386
629,1-V,26.2083333333,283.5,20.5224284722,3,2003-07-28 05:00:00,611.593580866
630,1-V,26.25,283.95,20.5225078661,3,2003-07-28 06:00:00,611.599719366
631,1-V,26.2916666667,284.4,20.5225856828,3,2003-07-28 07:00:00,611.605729621
632,1-V,26.3333333333,284.85,20.5226619537,3,2003-07-28 08:00:00,611.611614308
633,1-V,26.375,285.3,20.5227367095,3,2003-07-28 09:00:00,611.617376051
634,1-V,26.4166666667,285.75,20.5228099802,3,2003-07-28 10:00:00,611.623017415
635,1-V,26.4583333333,286.2,20.5228817954,3,2003-07-28 11:00:00,611.628540914
636,1-V,26.5,286.65,20.522952184,3,2003-07-28 12:00:00,611.633949011
637,1-V,26.5416666667,287.1,20.5230211742,3,2003-07-28 13:00:00,611.639244113
638,1-V,26.5833333333,287.55,20.5230887939,3,2003-07-28 14:00:00,611.644428582
639,1-V,26.625,288.0,20.5231550703,3,2003-07-28 15:00:00,611.649504727
640,1-V,26.6666666667,288.45,20.52322003,3,2003-07-28 16:00:00,611.654474811
641,1-V,26.7083333333,288.9,20.5232836993,3,2003-07-28 17:00:00,611.659341049
642,1-V,26.75,289.35,20.5233461036,3,2003-07-28 18:00:00,611.664105609
643,1-V,26.7916666667,289.8,20.5234072683,3,2003-07-28 19:00:00,611.668770616
644,1-V,26.8333333333,290.25,20.5234672178,3,2003-07-28 20:00:00,611.673338147
645,1-V,26.875,290.7,20.5235259763,3,2003-07-28 21:00:00,611.67781024
646,1-V,26.9166666667,291.15,20.5235835675,3,2003-07-28 22:00:00,611.682188888
647,1-V,26.9583333333,291.6,20.5236400145,3,2003-07-28 23:00:00,611.686476041
648,1-V,27.0,292.05,20.5236953401,3,2003-07-29 00:00:00,611.690673612
649,1-V,27.0416666667,292.5,20.5237495665,3,2003-07-29 01:00:00,611.694783472
650,1-V,27.0833333333,292.95,20.5238027157,3,2003-07-29 02:00:00,611.698807452
651,1-V,27.125,293.4,20.5238548089,3,2003-07-29 03:00:00,611.702747347
652,1-V,27.1666666667,293.85,20.5239058671,3,2003-07-29 04:00:00,611.706604912
653,1-V,27.2083333333,294.3,20.523955911,3,2003-07-29 05:00:00,611.710381869
654,1-V,27.25,294.75,20.5240049606,3,2003-07-29 06:00:00,611.7140799
655,1-V,27.2916666667,295.2,20.5240530357,3,2003-07-29 07:00:00,611.717700654
656,1-V,27.3333333333,295.65,20.5241001556,3,2003-07-29 08:00:00,611.721245746
657,1-V,27.375,296.1,20.5241463394,3,2003-07-29 09:00:00,611.724716756
658,1-V,27.4166666667,296.55,20.5241916057,3,2003-07-29 10:00:00,611.728115233
659,1-V,27.4583333333,297.0,20.5242359725,3,2003-07-29 11:00:00,611.73144269
660,1-V,27.5,297.45,20.5242794579,3,2003-07-29 12:00:00,611.734700612
661,1-V,27.5416666667,297.9,20.5243220794,3,2003-07-29 13:00:00,611.737890452
662,1-V,27.5833333333,298.35,20.524363854,3,2003-07-29 14:00:00,611.741013632
663,1-V,27.625,298.8,20.5244047986,3,2003-07-29 15:00:00,611.744071544
664,1-V,27.6666666667,299.25,20.5244449297,3,2003-07-29 16:00:00,611.747065553
665,1-V,27.7083333333,299.7,20.5244842635,3,2003-07-29 17:00:00,611.749996993
666,1-V,27.75,300.15,20.5245228158,3,2003-07-29 18:00:00,611.752867171
667,1-V,27.7916666667,300.6,20.5245606021,3,2003-07-29 19:00:00,611.755677369
668,1-V,27.8333333333,301.05,20.5245976376,3,2003-07-29 20:00:00,611.758428837
669,1-V,27.875,301.5,20.5246339373,3,2003-07-29 21:00:00,611.761122805
670,1-V,27.9166666667,301.95,20.5246695157,3,2003-07-29 22:00:00,611.763760473
671,1-V,27.9583333333,302.4,20.5247043873,3,2003-07-29 23:00:00,611.766343018
672,1-V,28.0,302.85,20.5247385659,3,2003-07-30 00:00:00,611.76887159
673,1-V,28.0416666667,303.3,20.5247720655,3,2003-07-30 01:00:00,611.771347319
674,1-V,28.0833333333,303.75,20.5248048995,3,2003-07-30 02:00:00,611.773771308
675,1-V,28.125,304.2,20.5248370811,3,2003-07-30 03:00:00,611.776144639
676,1-V,28.1666666667,304.65,20.5248686233,3,2003-07-30 04:00:00,611.778468369
677,1-V,28.2083333333,305.1,20.5248995388,3,2003-07-30 05:00:00,611.780743536
678,1-V,28.25,305.55,20.52492984,3,2003-07-30 06:00:00,611.782971153
679,1-V,28.2916666667,306.0,20.5249595391,3,2003-07-30 07:00:00,611.785152216
680,1-V,28.3333333333,306.45,20.5249886481,3,2003-07-30 08:00:00,611.787287695
681,1-V,28.375,306.9,20.5250171787,3,2003-07-30 09:00:00,611.789378545
682,1-V,28.4166666667,307.35,20.5250451425,3,2003-07-30 10:00:00,611.791425697
683,1-V,28.4583333333,307.8,20.5250725506,3,2003-07-30 11:00:00,611.793430065
684,1-V,28.5,308.25,20.5250994141,3,2003-07-30 12:00:00,611.795392543
685,1-V,28.5416666667,308.7,20.5251257439,3,2003-07-30 13:00:00,611.797314005
686,1-V,28.5833333333,309.15,20.5251515505,3,2003-07-30 14:00:00,611.79919531
687,1-V,28.625,309.6,20.5251768443,3,2003-07-30 15:00:00,611.801037297
688,1-V,28.6666666667,310.05,20.5252016356,3,2003-07-30 16:00:00,611.802840786
689,1-V,28.7083333333,310.5,20.5252259342,3,2003-07-30 17:00:00,611.804606583
690,1-V,28.75,310.95,20.52524975,3,2003-07-30 18:00:00,611.806335475
691,1-V,28.7916666667,311.4,20.5252730926,3,2003-07-30 19:00:00,611.808028233
692,1-V,28.8333333333,311.85,20.5252959714,3,2003-07-30 20:00:00,611.809685613
693,1-V,28.875,312.3,20.5253183956,3,2003-07-30 21:00:00,611.811308354
694,1-V,28.9166666667,312.75,20.5253403742,3,2003-07-30 22:00:00,611.812897179
695,1-V,28.9583333333,313.2,20.5253619161,3,2003-07-30 23:00:00,611.814452798
696,1-V,29.0,313.65,20.52538303,3,2003-07-31 00:00:00,611.815975905
697,1-V,29.0416666667,314.1,20.5254037243,3,2003-07-31 01:00:00,611.817467178
698,1-V,29.0833333333,314.55,20.5254240074,3,2003-07-31 02:00:00,611.818927284
699,1-V,29.125,315.0,20.5254438875,3,2003-07-31 03:00:00,611.820356873
700,1-V,29.1666666667,315.45,20.5254633726,3,2003-07-31 04:00:00,611.821756584
701,1-V,29.2083333333,315.9,20.5254824705,3,2003-07-31 05:00:00,611.82312704
702,1-V,29.25,316.35,20.5255011889,3,2003-07-31 06:00:00,611.824468854
703,1-V,29.2916666667,316.8,20.5255195353,3,2003-07-31 07:00:00,611.825782623
704,1-V,29.3333333333,317.25,20.5255375172,3,2003-07-31 08:00:00,611.827068934
705,1-V,29.375,317.7,20.5255551418,3,2003-07-31 09:00:00,611.828328361
706,1-V,29.4166666667,318.15,20.5255724162,3,2003-07-31 10:00:00,611.829561466
707,1-V,29.4583333333,318.6,20.5255893473,3,2003-07-31 11:00:00,611.830768798
708,1-V,29.5,319.05,20.525605942,3,2003-07-31 12:00:00,611.831950896
709,1-V,29.5416666667,319.5,20.525622207,3,2003-07-31 13:00:00,611.833108289
710,1-V,29.5833333333,319.95,20.5256381488,3,2003-07-31 14:00:00,611.834241491
711,1-V,29.625,320.4,20.5256537737,3,2003-07-31 15:00:00,611.835351009
712,1-V,29.6666666667,320.85,20.5256690882,3,2003-07-31 16:00:00,611.836437337
713,1-V,29.7083333333,321.3,20.5256840984,3,2003-07-31 17:00:00,611.837500961
714,1-V,29.75,321.75,20.5256988104,3,2003-07-31 18:00:00,611.838542354
715,1-V,29.7916666667,322.2,20.5257132299,3,2003-07-31 19:00:00,611.839561982
716,1-V,29.8333333333,322.65,20.525727363,3,2003-07-31 20:00:00,611.8405603
717,1-V,29.875,323.1,20.5257412152,3,2003-07-31 21:00:00,611.841537752
718,1-V,29.9166666667,323.55,20.5257547922,3,2003-07-31 22:00:00,611.842494774
719,1-V,29.9583333333,324.0,20.5257680994,3,2003-07-31 23:00:00,611.843431795
720,1-V,30.0,324.45,20.5257811421,3,2003-08-01 00:00:00,611.844349231
721,1-V,30.0416666667,324.9,20.5257939257,3,2003-08-01 01:00:00,611.845247493
722,1-V,30.0833333333,325.35,20.5258064553,3,2003-08-01 02:00:00,611.84612698
723,1-V,30.125,325.8,20.5258187358,3,2003-08-01 03:00:00,611.846988086
724,1-V,30.1666666667,326.25,20.5258307724,3,2003-08-01 04:00:00,611.847831194
725,1-V,30.2083333333,326.7,20.5258425698,3,2003-08-01 05:00:00,611.848656681
726,1-V,30.25,327.15,20.5258541327,3,2003-08-01 06:00:00,611.849464915
727,1-V,30.2916666667,327.6,20.5258654659,3,2003-08-01 07:00:00,611.850256256
728,1-V,30.3333333333,328.05,20.5258765739,3,2003-08-01 08:00:00,611.851031058
729,1-V,30.375,328.5,20.5258874611,3,2003-08-01 09:00:00,611.851789666
730,1-V,30.4166666667,328.95,20.525898132,3,2003-08-01 10:00:00,611.852532419
731,1-V,30.4583333333,329.4,20.5259085909,3,2003-08-01 11:00:00,611.853259648
732,1-V,30.5,329.85,20.5259188419,3,2003-08-01 12:00:00,611.853971677
733,1-V,30.5416666667,330.3,20.5259288892,3,2003-08-01 13:00:00,611.854668825
734,1-V,30.5833333333,330.75,20.5259387369,3,2003-08-01 14:00:00,611.855351402
735,1-V,30.625,331.2,20.5259483889,3,2003-08-01 15:00:00,611.856019713
736,1-V,30.6666666667,331.65,20.5259578491,3,2003-08-01 16:00:00,611.856674057
737,1-V,30.7083333333,332.1,20.5259671213,3,2003-08-01 17:00:00,611.857314724
738,1-V,30.75,332.55,20.5259762092,3,2003-08-01 18:00:00,611.857942
739,1-V,30.7916666667,333.0,20.5259851166,3,2003-08-01 19:00:00,611.858556167
740,1-V,30.8333333333,333.45,20.5259938469,3,2003-08-01 20:00:00,611.859157497
741,1-V,30.875,333.9,20.5260024038,3,2003-08-01 21:00:00,611.859746259
742,1-V,30.9166666667,334.35,20.5260107907,3,2003-08-01 22:00:00,611.860322716
743,1-V,30.9583333333,334.8,20.5260190108,3,2003-08-01 23:00:00,611.860887125
744,1-V,31.0,335.25,20.5260270677,3,2003-08-02 00:00:00,611.861439737
745,1-V,31.0416666667,335.7,20.5260349644,3,2003-08-02 01:00:00,611.8619808
746,1-V,31.0833333333,336.15,20.5260427042,3,2003-08-02 02:00:00,611.862510554
747,1-V,31.125,336.6,20.5260502902,3,2003-08-02 03:00:00,611.863029236
748,1-V,31.1666666667,337.05,20.5260577255,3,2003-08-02 04:00:00,611.863537078
749,1-V,31.2083333333,337.5,20.526065013,3,2003-08-02 05:00:00,611.864034305
750,1-V,31.25,337.95,20.5260721557,3,2003-08-02 06:00:00,611.864521141
751,1-V,31.2916666667,338.4,20.5260791565,3,2003-08-02 07:00:00,611.864997801
752,1-V,31.3333333333,338.85,20.5260860181,3,2003-08-02 08:00:00,611.8654645
753,1-V,31.375,339.3,20.5260927434,3,2003-08-02 09:00:00,611.865921444
754,1-V,31.4166666667,339.75,20.5260993351,3,2003-08-02 10:00:00,611.866368838
755,1-V,31.4583333333,340.2,20.5261057957,3,2003-08-02 11:00:00,611.866806881
756,1-V,31.5,340.65,20.526112128,3,2003-08-02 12:00:00,611.86723577
757,1-V,31.5416666667,341.1,20.5261183345,3,2003-08-02 13:00:00,611.867655694
758,1-V,31.5833333333,341.55,20.5261244176,3,2003-08-02 14:00:00,611.868066842
759,1-V,31.625,342.0,20.5261303798,3,2003-08-02 15:00:00,611.868469397
760,1-V,31.6666666667,342.45,20.5261362236,3,2003-08-02 16:00:00,611.868863539
761,1-V,31.7083333333,342.9,20.5261419512,3,2003-08-02 17:00:00,611.869249443
762,1-V,31.75,343.35,20.526147565,3,2003-08-02 18:00:00,611.869627282
763,1-V,31.7916666667,343.8,20.5261530673,3,2003-08-02 19:00:00,611.869997224
764,1-V,31.8333333333,344.25,20.5261584602,3,2003-08-02 20:00:00,611.870359434
765,1-V,31.875,344.7,20.526163746,3,2003-08-02 21:00:00,611.870714074
766,1-V,31.9166666667,345.15,20.5261689267,3,2003-08-02 22:00:00,611.871061302
767,1-V,31.9583333333,345.6,20.5261740044,3,2003-08-02 23:00:00,611.871401273
768,1-V,32.0,346.05,20.5261789813,3,2003-08-03 00:00:00,611.871734139
769,1-V,32.0416666667,346.5,20.5261838593,3,2003-08-03 01:00:00,611.872060048
770,1-V,32.0833333333,346.95,20.5261886403,3,2003-08-03 02:00:00,611.872379146
771,1-V,32.125,347.4,20.5261933263,3,2003-08-03 03:00:00,611.872691574
772,1-V,32.1666666667,347.85,20.5261979192,3,2003-08-03 04:00:00,611.872997473
773,1-V,32.2083333333,348.3,20.5262024208,3,2003-08-03 05:00:00,611.873296979
774,1-V,32.25,348.75,20.526206833,3,2003-08-03 06:00:00,611.873590225
775,1-V,32.2916666667,349.2,20.5262111575,3,2003-08-03 07:00:00,611.873877342
776,1-V,32.3333333333,349.65,20.5262153961,3,2003-08-03 08:00:00,611.874158459
777,1-V,32.375,350.1,20.5262195504,3,2003-08-03 09:00:00,611.874433701
778,1-V,32.4166666667,350.55,20.5262236222,3,2003-08-03 10:00:00,611.87470319
779,1-V,32.4583333333,351.0,20.5262276131,3,2003-08-03 11:00:00,611.874967047
780,1-V,32.5,351.45,20.5262315246,3,2003-08-03 12:00:00,611.875225389
781,1-V,32.5416666667,351.9,20.5262353585,3,2003-08-03 13:00:00,611.875478333
782,1-V,32.5833333333,352.35,20.5262391161,3,2003-08-03 14:00:00,611.87572599
783,1-V,32.625,352.8,20.5262427991,3,2003-08-03 15:00:00,611.875968471
784,1-V,32.6666666667,353.25,20.5262464089,3,2003-08-03 16:00:00,611.876205884
785,1-V,32.7083333333,353.7,20.5262499469,3,2003-08-03 17:00:00,611.876438336
786,1-V,32.75,354.15,20.5262534147,3,2003-08-03 18:00:00,611.87666593
787,1-V,32.7916666667,354.6,20.5262568135,3,2003-08-03 19:00:00,611.876888767
788,1-V,32.8333333333,355.05,20.5262601448,3,2003-08-03 20:00:00,611.877106947
789,1-V,32.875,355.5,20.5262634099,3,2003-08-03 21:00:00,611.877320567
790,1-V,32.9166666667,355.95,20.5262666101,3,2003-08-03 22:00:00,611.877529723
791,1-V,32.9583333333,356.4,20.5262697467,3,2003-08-03 23:00:00,611.877734507
792,1-V,33.0,356.85,20.526272821,3,2003-08-04 00:00:00,611.877935012
793,1-V,33.0416666667,357.3,20.5262758342,3,2003-08-04 01:00:00,611.878131326
794,1-V,33.0833333333,357.75,20.5262787875,3,2003-08-04 02:00:00,611.878323538
795,1-V,33.125,358.2,20.5262816821,3,2003-08-04 03:00:00,611.878511733
796,1-V,33.1666666667,358.65,20.5262845192,3,2003-08-04 04:00:00,611.878695994
797,1-V,33.2083333333,359.1,20.5262873,3,2003-08-04 05:00:00,611.878876405
798,1-V,33.25,359.55,20.5262900254,3,2003-08-04 06:00:00,611.879053045
799,1-V,33.2916666667,360.0,20.5262926967,3,2003-08-04 07:00:00,611.879225994
800,1-V,33.3333333333,360.45,20.526295315,3,2003-08-04 08:00:00,611.879395328
801,1-V,33.375,360.9,20.5262978812,3,2003-08-04 09:00:00,611.879561124
802,1-V,33.4166666667,361.35,20.5263003964,3,2003-08-04 10:00:00,611.879723455
803,1-V,33.4583333333,361.8,20.5263028616,3,2003-08-04 11:00:00,611.879882393
804,1-V,33.5,362.25,20.5263052778,3,2003-08-04 12:00:00,611.880038009
805,1-V,33.5416666667,362.7,20.526307646,3,2003-08-04 13:00:00,611.880190374
806,1-V,33.5833333333,363.15,20.5263099672,3,2003-08-04 14:00:00,611.880339554
807,1-V,33.625,363.6,20.5263122422,3,2003-08-04 15:00:00,611.880485616
808,1-V,33.6666666667,364.05,20.526314472,3,2003-08-04 16:00:00,611.880628626
809,1-V,33.7083333333,364.5,20.5263166575,3,2003-08-04 17:00:00,611.880768648
810,1-V,33.75,364.95,20.5263187996,3,2003-08-04 18:00:00,611.880905743
811,1-V,33.7916666667,365.4,20.5263208991,3,2003-08-04 19:00:00,611.881039973
812,1-V,33.8333333333,365.85,20.5263229569,3,2003-08-04 20:00:00,611.881171398
813,1-V,33.875,366.3,20.5263249738,3,2003-08-04 21:00:00,611.881300076
814,1-V,33.9166666667,366.75,20.5263269506,3,2003-08-04 22:00:00,611.881426065
815,1-V,33.9583333333,367.2,20.5263288881,3,2003-08-04 23:00:00,611.881549421
816,1-V,34.0,367.65,20.5263307871,3,2003-08-05 00:00:00,611.8816702
817,1-V,34.0416666667,368.1,20.5263326484,3,2003-08-05 01:00:00,611.881788454
818,1-V,34.0833333333,368.55,20.5263344727,3,2003-08-05 02:00:00,611.881904237
819,1-V,34.125,369.0,20.5263362608,3,2003-08-05 03:00:00,611.882017601
820,1-V,34.1666666667,369.45,20.5263380133,3,2003-08-05 04:00:00,611.882128595
821,1-V,34.2083333333,369.9,20.526339731,3,2003-08-05 05:00:00,611.88223727
822,1-V,34.25,370.35,20.5263414146,3,2003-08-05 06:00:00,611.882343673
823,1-V,34.2916666667,370.8,20.5263430647,3,2003-08-05 07:00:00,611.882447853
824,1-V,34.3333333333,371.25,20.526344682,3,2003-08-05 08:00:00,611.882549856
825,1-V,34.375,371.7,20.5263462671,3,2003-08-05 09:00:00,611.882649728
826,1-V,34.4166666667,372.15,20.5263478208,3,2003-08-05 10:00:00,611.882747512
827,1-V,34.4583333333,372.6,20.5263493436,3,2003-08-05 11:00:00,611.882843252
828,1-V,34.5,373.05,20.5263508361,3,2003-08-05 12:00:00,611.882936992
829,1-V,34.5416666667,373.5,20.526352299,3,2003-08-05 13:00:00,611.883028774
830,1-V,34.5833333333,373.95,20.5263537328,3,2003-08-05 14:00:00,611.883118637
831,1-V,34.625,374.4,20.5263551381,3,2003-08-05 15:00:00,611.883206622
832,1-V,34.6666666667,374.85,20.5263565155,3,2003-08-05 16:00:00,611.883292768
833,1-V,34.7083333333,375.3,20.5263578655,3,2003-08-05 17:00:00,611.883377114
834,1-V,34.75,375.75,20.5263591887,3,2003-08-05 18:00:00,611.883459698
835,1-V,34.7916666667,376.2,20.5263604856,3,2003-08-05 19:00:00,611.883540556
836,1-V,34.8333333333,376.65,20.5263617567,3,2003-08-05 20:00:00,611.883619724
837,1-V,34.875,377.1,20.5263630026,3,2003-08-05 21:00:00,611.883697238
838,1-V,34.9166666667,377.55,20.5263642237,3,2003-08-05 22:00:00,611.883773131
839,1-V,34.9583333333,378.0,20.5263654205,3,2003-08-05 23:00:00,611.883847439
840,1-V,35.0,378.45,20.5263665936,3,2003-08-06 00:00:00,611.883920194
841,1-V,35.0416666667,378.9,20.5263677433,3,2003-08-06 01:00:00,611.883991429
842,1-V,35.0833333333,379.35,20.5263688702,3,2003-08-06 02:00:00,611.884061175
843,1-V,35.125,379.8,20.5263699747,3,2003-08-06 03:00:00,611.884129464
844,1-V,35.1666666667,380.25,20.5263710573,3,2003-08-06 04:00:00,611.884196325
845,1-V,35.2083333333,380.7,20.5263721183,3,2003-08-06 05:00:00,611.88426179
846,1-V,35.25,381.15,20.5263731583,3,2003-08-06 06:00:00,611.884325886
847,1-V,35.2916666667,381.6,20.5263741775,3,2003-08-06 07:00:00,611.884388643
848,1-V,35.3333333333,382.05,20.5263751766,3,2003-08-06 08:00:00,611.884450089
849,1-V,35.375,382.5,20.5263761558,3,2003-08-06 09:00:00,611.88451025
850,1-V,35.4166666667,382.95,20.5263771155,3,2003-08-06 10:00:00,611.884569155
851,1-V,35.4583333333,383.4,20.5263780561,3,2003-08-06 11:00:00,611.884626828
852,1-V,35.5,383.85,20.5263789781,3,2003-08-06 12:00:00,611.884683296
853,1-V,35.5416666667,384.3,20.5263798817,3,2003-08-06 13:00:00,611.884738585
854,1-V,35.5833333333,384.75,20.5263807674,3,2003-08-06 14:00:00,611.884792717
855,1-V,35.625,385.2,20.5263816355,3,2003-08-06 15:00:00,611.884845719
856,1-V,35.6666666667,385.65,20.5263824863,3,2003-08-06 16:00:00,611.884897613
857,1-V,35.7083333333,386.1,20.5263833202,3,2003-08-06 17:00:00,611.884948423
858,1-V,35.75,386.55,20.5263841376,3,2003-08-06 18:00:00,611.884998171
859,1-V,35.7916666667,387.0,20.5263849387,3,2003-08-06 19:00:00,611.88504688
860,1-V,35.8333333333,387.45,20.5263857239,3,2003-08-06 20:00:00,611.88509457
861,1-V,35.875,387.9,20.5263864934,3,2003-08-06 21:00:00,611.885141265
862,1-V,35.9166666667,388.35,20.5263872477,3,2003-08-06 22:00:00,611.885186983
863,1-V,35.9583333333,388.8,20.526387987,3,2003-08-06 23:00:00,611.885231746
864,1-V,36.0,389.25,20.5263887116,3,2003-08-07 00:00:00,611.885275574
865,1-V,36.0416666667,389.7,20.5263894218,3,2003-08-07 01:00:00,611.885318485
866,1-V,36.0833333333,390.15,20.5263901179,3,2003-08-07 02:00:00,611.885360501
867,1-V,36.125,390.6,20.5263908002,3,2003-08-07 03:00:00,611.885401638
868,1-V,36.1666666667,391.05,20.5263914689,3,2003-08-07 04:00:00,611.885441915
869,1-V,36.2083333333,391.5,20.5263921243,3,2003-08-07 05:00:00,611.885481351
870,1-V,36.25,391.95,20.5263927667,3,2003-08-07 06:00:00,611.885519963
871,1-V,36.2916666667,392.4,20.5263933963,3,2003-08-07 07:00:00,611.885557768
872,1-V,36.3333333333,392.85,20.5263940134,3,2003-08-07 08:00:00,611.885594783
873,1-V,36.375,393.3,20.5263946183,3,2003-08-07 09:00:00,611.885631025
874,1-V,36.4166666667,393.75,20.5263952111,3,2003-08-07 10:00:00,611.885666509
875,1-V,36.4583333333,394.2,20.5263957922,3,2003-08-07 11:00:00,611.885701252
876,1-V,36.5,394.65,20.5263963617,3,2003-08-07 12:00:00,611.885735269
877,1-V,36.5416666667,395.1,20.5263969199,3,2003-08-07 13:00:00,611.885768575
878,1-V,36.5833333333,395.55,20.526397467,3,2003-08-07 14:00:00,611.885801185
879,1-V,36.625,396.0,20.5263980032,3,2003-08-07 15:00:00,611.885833114
880,1-V,36.6666666667,396.45,20.5263985287,3,2003-08-07 16:00:00,611.885864376
881,1-V,36.7083333333,396.9,20.5263990439,3,2003-08-07 17:00:00,611.885894984
882,1-V,36.75,397.35,20.5263995487,3,2003-08-07 18:00:00,611.885924953
883,1-V,36.7916666667,397.8,20.5264000436,3,2003-08-07 19:00:00,611.885954296
884,1-V,36.8333333333,398.25,20.5264005286,3,2003-08-07 20:00:00,611.885983025
885,1-V,36.875,398.7,20.526401004,3,2003-08-07 21:00:00,611.886011154
886,1-V,36.9166666667,399.15,20.5264014699,3,2003-08-07 22:00:00,611.886038696
887,1-V,36.9583333333,399.6,20.5264019266,3,2003-08-07 23:00:00,611.886065662
888,1-V,37.0,400.05,20.5264023742,3,2003-08-08 00:00:00,611.886092064
889,1-V,37.0416666667,400.5,20.5264028129,3,2003-08-08 01:00:00,611.886117915
890,1-V,37.0833333333,400.95,20.5264032429,3,2003-08-08 02:00:00,611.886143225
891,1-V,37.125,401.4,20.5264036643,3,2003-08-08 03:00:00,611.886168007
892,1-V,37.1666666667,401.85,20.5264040774,3,2003-08-08 04:00:00,611.886192271
893,1-V,37.2083333333,402.3,20.5264044823,3,2003-08-08 05:00:00,611.886216028
894,1-V,37.25,402.75,20.5264048791,3,2003-08-08 06:00:00,611.886239289
895,1-V,37.2916666667,403.2,20.526405268,3,2003-08-08 07:00:00,611.886262063
896,1-V,37.3333333333,403.65,20.5264056492,3,2003-08-08 08:00:00,611.886284362
897,1-V,37.375,404.1,20.5264060228,3,2003-08-08 09:00:00,611.886306195
898,1-V,37.4166666667,404.55,20.526406389,3,2003-08-08 10:00:00,611.886327571
899,1-V,37.4583333333,405.0,20.5264067479,3,2003-08-08 11:00:00,611.886348501
900,1-V,37.5,405.45,20.5264070997,3,2003-08-08 12:00:00,611.886368994
901,1-V,37.5416666667,405.9,20.5264074445,3,2003-08-08 13:00:00,611.886389058
902,1-V,37.5833333333,406.35,20.5264077825,3,2003-08-08 14:00:00,611.886408703
903,1-V,37.625,406.8,20.5264081137,3,2003-08-08 15:00:00,611.886427938
904,1-V,37.6666666667,407.25,20.5264084383,3,2003-08-08 16:00:00,611.886446771
905,1-V,37.7083333333,407.7,20.5264087565,3,2003-08-08 17:00:00,611.88646521
906,1-V,37.75,408.15,20.5264090684,3,2003-08-08 18:00:00,611.886483264
907,1-V,37.7916666667,408.6,20.5264093741,3,2003-08-08 19:00:00,611.886500941
908,1-V,37.8333333333,409.05,20.5264096737,3,2003-08-08 20:00:00,611.886518248
909,1-V,37.875,409.5,20.5264099673,3,2003-08-08 21:00:00,611.886535194
910,1-V,37.9166666667,409.95,20.5264102551,3,2003-08-08 22:00:00,611.886551786
911,1-V,37.9583333333,410.4,20.5264105372,3,2003-08-08 23:00:00,611.886568031
912,1-V,38.0,410.85,20.5264108137,3,2003-08-09 00:00:00,611.886583937
913,1-V,38.0416666667,411.3,20.5264110847,3,2003-08-09 01:00:00,611.88659951
914,1-V,38.0833333333,411.75,20.5264113503,3,2003-08-09 02:00:00,611.886614758
915,1-V,38.125,412.2,20.5264116106,3,2003-08-09 03:00:00,611.886629687
916,1-V,38.1666666667,412.65,20.5264118658,3,2003-08-09 04:00:00,611.886644305
917,1-V,38.2083333333,413.1,20.5264121159,3,2003-08-09 05:00:00,611.886658617
918,1-V,38.25,413.55,20.526412361,3,2003-08-09 06:00:00,611.88667263
919,1-V,38.2916666667,414.0,20.5264126012,3,2003-08-09 07:00:00,611.88668635
920,1-V,38.3333333333,414.45,20.5264128367,3,2003-08-09 08:00:00,611.886699784
921,1-V,38.375,414.9,20.5264130675,3,2003-08-09 09:00:00,611.886712936
922,1-V,38.4166666667,415.35,20.5264132937,3,2003-08-09 10:00:00,611.886725815
923,1-V,38.4583333333,415.8,20.5264135154,3,2003-08-09 11:00:00,611.886738424
924,1-V,38.5,416.25,20.5264137327,3,2003-08-09 12:00:00,611.886750769
925,1-V,38.5416666667,416.7,20.5264139457,3,2003-08-09 13:00:00,611.886762857
926,1-V,38.5833333333,417.15,20.5264141545,3,2003-08-09 14:00:00,611.886774692
927,1-V,38.625,417.6,20.5264143591,3,2003-08-09 15:00:00,611.88678628
928,1-V,38.6666666667,418.05,20.5264145596,3,2003-08-09 16:00:00,611.886797625
929,1-V,38.7083333333,418.5,20.5264147561,3,2003-08-09 17:00:00,611.886808734
930,1-V,38.75,418.95,20.5264149488,3,2003-08-09 18:00:00,611.88681961
931,1-V,38.7916666667,419.4,20.5264151376,3,2003-08-09 19:00:00,611.88683026
932,1-V,38.8333333333,419.85,20.5264153227,3,2003-08-09 20:00:00,611.886840686
933,1-V,38.875,420.3,20.5264155041,3,2003-08-09 21:00:00,611.886850895
934,1-V,38.9166666667,420.75,20.5264156819,3,2003-08-09 22:00:00,611.886860891
935,1-V,38.9583333333,421.2,20.5264158561,3,2003-08-09 23:00:00,611.886870678
936,1-V,39.0,421.65,20.5264160269,3,2003-08-10 00:00:00,611.88688026
937,1-V,39.0416666667,422.1,20.5264161943,3,2003-08-10 01:00:00,611.886889642
938,1-V,39.0833333333,422.55,20.5264163584,3,2003-08-10 02:00:00,611.886898828
939,1-V,39.125,423.0,20.5264165192,3,2003-08-10 03:00:00,611.886907823
940,1-V,39.1666666667,423.45,20.5264166768,3,2003-08-10 04:00:00,611.886916629
941,1-V,39.2083333333,423.9,20.5264168313,3,2003-08-10 05:00:00,611.886925251
942,1-V,39.25,424.35,20.5264169827,3,2003-08-10 06:00:00,611.886933693
943,1-V,39.2916666667,424.8,20.5264171311,3,2003-08-10 07:00:00,611.886941959
944,1-V,39.3333333333,425.25,20.5264172765,3,2003-08-10 08:00:00,611.886950052
945,1-V,39.375,425.7,20.5264174191,3,2003-08-10 09:00:00,611.886957976
946,1-V,39.4166666667,426.15,20.5264175588,3,2003-08-10 10:00:00,611.886965735
947,1-V,39.4583333333,426.6,20.5264176958,3,2003-08-10 11:00:00,611.886973331
948,1-V,39.5,427.05,20.52641783,3,2003-08-10 12:00:00,611.886980769
949,1-V,39.5416666667,427.5,20.5264179615,3,2003-08-10 13:00:00,611.886988051
950,1-V,39.5833333333,427.95,20.5264180905,3,2003-08-10 14:00:00,611.886995181
951,1-V,39.625,428.4,20.5264182169,3,2003-08-10 15:00:00,611.887002162
952,1-V,39.6666666667,428.85,20.5264183408,3,2003-08-10 16:00:00,611.887008997
953,1-V,39.7083333333,429.3,20.5264184622,3,2003-08-10 17:00:00,611.88701569
954,1-V,39.75,429.75,20.5264185812,3,2003-08-10 18:00:00,611.887022243
955,1-V,39.7916666667,430.2,20.5264186978,3,2003-08-10 19:00:00,611.887028658
956,1-V,39.8333333333,430.65,20.5264188121,3,2003-08-10 20:00:00,611.88703494
957,1-V,39.875,431.1,20.5264189242,3,2003-08-10 21:00:00,611.887041091
958,1-V,39.9166666667,431.55,20.526419034,3,2003-08-10 22:00:00,611.887047113
959,1-V,39.9583333333,432.0,20.5264191416,3,2003-08-10 23:00:00,611.887053009
960,1-V,40.0,432.45,20.5264192471,3,2003-08-11 00:00:00,611.887058782
961,1-V,40.0416666667,432.9,20.5264193505,3,2003-08-11 01:00:00,611.887064434
962,1-V,40.0833333333,433.35,20.5264194519,3,2003-08-11 02:00:00,611.887069969
963,1-V,40.125,433.8,20.5264195512,3,2003-08-11 03:00:00,611.887075387
964,1-V,40.1666666667,434.25,20.5264196486,3,2003-08-11 04:00:00,611.887080693
965,1-V,40.2083333333,434.7,20.526419744,3,2003-08-11 05:00:00,611.887085887
966,1-V,40.25,435.15,20.5264198375,3,2003-08-11 06:00:00,611.887090974
967,1-V,40.2916666667,435.6,20.5264199292,3,2003-08-11 07:00:00,611.887095953
968,1-V,40.3333333333,436.05,20.526420019,3,2003-08-11 08:00:00,611.887100829
969,1-V,40.375,436.5,20.5264201071,3,2003-08-11 09:00:00,611.887105603
970,1-V,40.4166666667,436.95,20.5264201934,3,2003-08-11 10:00:00,611.887110278
971,1-V,40.4583333333,437.4,20.526420278,3,2003-08-11 11:00:00,611.887114854
972,1-V,40.5,437.85,20.5264203609,3,2003-08-11 12:00:00,611.887119335
973,1-V,40.5416666667,438.3,20.5264204422,3,2003-08-11 13:00:00,611.887123722
974,1-V,40.5833333333,438.75,20.5264205218,3,2003-08-11 14:00:00,611.887128018
975,1-V,40.625,439.2,20.5264205999,3,2003-08-11 15:00:00,611.887132224
976,1-V,40.6666666667,439.65,20.5264206764,3,2003-08-11 16:00:00,611.887136342
977,1-V,40.7083333333,440.1,20.5264207514,3,2003-08-11 17:00:00,611.887140374
978,1-V,40.75,440.55,20.5264208249,3,2003-08-11 18:00:00,611.887144322
979,1-V,40.7916666667,441.0,20.526420897,3,2003-08-11 19:00:00,611.887148188
980,1-V,40.8333333333,441.45,20.5264209676,3,2003-08-11 20:00:00,611.887151972
981,1-V,40.875,441.9,20.5264210368,3,2003-08-11 21:00:00,611.887155678
982,1-V,40.9166666667,442.35,20.5264211046,3,2003-08-11 22:00:00,611.887159306
983,1-V,40.9583333333,442.8,20.5264211711,3,2003-08-11 23:00:00,611.887162858
984,1-V,41.0,443.25,20.5264212363,3,2003-08-12 00:00:00,611.887166336
985,1-V,41.0416666667,443.7,20.5264213002,3,2003-08-12 01:00:00,611.887169742
986,1-V,41.0833333333,444.15,20.5264213628,3,2003-08-12 02:00:00,611.887173076
987,1-V,41.125,444.6,20.5264214241,3,2003-08-12 03:00:00,611.887176341
988,1-V,41.1666666667,445.05,20.5264214843,3,2003-08-12 04:00:00,611.887179537
989,1-V,41.2083333333,445.5,20.5264215432,3,2003-08-12 05:00:00,611.887182667
990,1-V,41.25,445.95,20.526421601,3,2003-08-12 06:00:00,611.887185731
991,1-V,41.2916666667,446.4,20.5264216576,3,2003-08-12 07:00:00,611.887188732
992,1-V,41.3333333333,446.85,20.5264217131,3,2003-08-12 08:00:00,611.887191669
993,1-V,41.375,447.3,20.5264217675,3,2003-08-12 09:00:00,611.887194545
994,1-V,41.4166666667,447.75,20.5264218208,3,2003-08-12 10:00:00,611.887197362
995,1-V,41.4583333333,448.2,20.5264218731,3,2003-08-12 11:00:00,611.887200119
996,1-V,41.5,448.65,20.5264219243,3,2003-08-12 12:00:00,611.887202819
997,1-V,41.5416666667,449.1,20.5264219745,3,2003-08-12 13:00:00,611.887205462
998,1-V,41.5833333333,449.55,20.5264220237,3,2003-08-12 14:00:00,611.88720805
999,1-V,41.625,450.0,20.5264220719,3,2003-08-12 15:00:00,611.887210584
1000,1-V,41.6666666667,450.45,20.5264221192,3,2003-08-12 16:00:00,611.887213065
1001,1-V,41.7083333333,450.9,20.5264221655,3,2003-08-12 17:00:00,611.887215495
1002,1-V,41.75,451.35,20.5264222109,3,2003-08-12 18:00:00,611.887217873
1003,1-V,41.7916666667,451.8,20.5264222554,3,2003-08-12 19:00:00,611.887220202
1004,1-V,41.8333333333,452.25,20.526422299,3,2003-08-12 20:00:00,611.887222482
1005,1-V,41.875,452.7,20.5264223418,3,2003-08-12 21:00:00,611.887224715
1006,1-V,41.9166666667,453.15,20.5264223837,3,2003-08-12 22:00:00,611.887226901
1007,1-V,41.9583333333,453.6,20.5264224248,3,2003-08-12 23:00:00,611.887229041
1008,1-V,42.0,454.05,20.526422465,3,2003-08-13 00:00:00,611.887231137
1009,1-V,42.0416666667,454.5,20.5264225045,3,2003-08-13 01:00:00,611.887233188
1010,1-V,42.0833333333,454.95,20.5264225431,3,2003-08-13 02:00:00,611.887235197
1011,1-V,42.125,455.4,20.526422581,3,2003-08-13 03:00:00,611.887237164
1012,1-V,42.1666666667,455.85,20.5264226182,3,2003-08-13 04:00:00,611.88723909
1013,1-V,42.2083333333,456.3,20.5264226546,3,2003-08-13 05:00:00,611.887240976
1014,1-V,42.25,456.75,20.5264226903,3,2003-08-13 06:00:00,611.887242822
1015,1-V,42.2916666667,457.2,20.5264227253,3,2003-08-13 07:00:00,611.88724463
1016,1-V,42.3333333333,457.65,20.5264227596,3,2003-08-13 08:00:00,611.8872464
1017,1-V,42.375,458.1,20.5264227932,3,2003-08-13 09:00:00,611.887248133
1018,1-V,42.4166666667,458.55,20.5264228261,3,2003-08-13 10:00:00,611.887249829
1019,1-V,42.4583333333,459.0,20.5264228584,3,2003-08-13 11:00:00,611.887251491
1020,1-V,42.5,459.45,20.52642289,3,2003-08-13 12:00:00,611.887253117
1021,1-V,42.5416666667,459.9,20.526422921,3,2003-08-13 13:00:00,611.88725471
1022,1-V,42.5833333333,460.35,20.5264229514,3,2003-08-13 14:00:00,611.887256269
1023,1-V,42.625,460.8,20.5264229812,3,2003-08-13 15:00:00,611.887257796
1024,1-V,42.6666666667,461.25,20.5264230104,3,2003-08-13 16:00:00,611.887259291
1025,1-V,42.7083333333,461.7,20.526423039,3,2003-08-13 17:00:00,611.887260755
1026,1-V,42.75,462.15,20.5264230671,3,2003-08-13 18:00:00,611.887262188
1027,1-V,42.7916666667,462.6,20.5264230945,3,2003-08-13 19:00:00,611.887263591
1028,1-V,42.8333333333,463.05,20.5264231215,3,2003-08-13 20:00:00,611.887264965
1029,1-V,42.875,463.5,20.5264231479,3,2003-08-13 21:00:00,611.88726631
1030,1-V,42.9166666667,463.95,20.5264231738,3,2003-08-13 22:00:00,611.887267627
1031,1-V,42.9583333333,464.4,20.5264231992,3,2003-08-13 23:00:00,611.887268917
1032,1-V,43.0,464.85,20.526423224,3,2003-08-14 00:00:00,611.887270179
1033,1-V,43.0416666667,465.3,20.5264232484,3,2003-08-14 01:00:00,611.887271416
1034,1-V,43.0833333333,465.75,20.5264232723,3,2003-08-14 02:00:00,611.887272626
1035,1-V,43.125,466.2,20.5264232957,3,2003-08-14 03:00:00,611.887273811
1036,1-V,43.1666666667,466.65,20.5264233186,3,2003-08-14 04:00:00,611.887274971
1037,1-V,43.2083333333,467.1,20.5264233411,3,2003-08-14 05:00:00,611.887276108
1038,1-V,43.25,467.55,20.5264233632,3,2003-08-14 06:00:00,611.88727722
1039,1-V,43.2916666667,468.0,20.5264233848,3,2003-08-14 07:00:00,611.887278309
1040,1-V,43.3333333333,468.45,20.526423406,3,2003-08-14 08:00:00,611.887279376
1041,1-V,43.375,468.9,20.5264234267,3,2003-08-14 09:00:00,611.88728042
1042,1-V,43.4166666667,469.35,20.5264234471,3,2003-08-14 10:00:00,611.887281442
1043,1-V,43.4583333333,469.8,20.526423467,3,2003-08-14 11:00:00,611.887282443
1044,1-V,43.5,470.25,20.5264234865,3,2003-08-14 12:00:00,611.887283423
1045,1-V,43.5416666667,470.7,20.5264235057,3,2003-08-14 13:00:00,611.887284383
1046,1-V,43.5833333333,471.15,20.5264235245,3,2003-08-14 14:00:00,611.887285322
1047,1-V,43.625,471.6,20.5264235429,3,2003-08-14 15:00:00,611.887286242
1048,1-V,43.6666666667,472.05,20.5264235609,3,2003-08-14 16:00:00,611.887287143
1049,1-V,43.7083333333,472.5,20.5264235786,3,2003-08-14 17:00:00,611.887288025
1050,1-V,43.75,472.95,20.5264235959,3,2003-08-14 18:00:00,611.887288888
1051,1-V,43.7916666667,473.4,20.5264236129,3,2003-08-14 19:00:00,611.887289734
1052,1-V,43.8333333333,473.85,20.5264236295,3,2003-08-14 20:00:00,611.887290562
1053,1-V,43.875,474.3,20.5264236458,3,2003-08-14 21:00:00,611.887291372
1054,1-V,43.9166666667,474.75,20.5264236618,3,2003-08-14 22:00:00,611.887292166
1055,1-V,43.9583333333,475.2,20.5264236775,3,2003-08-14 23:00:00,611.887292943
1056,1-V,44.0,475.65,20.5264236929,3,2003-08-15 00:00:00,611.887293703
1057,1-V,44.0416666667,476.1,20.5264237079,3,2003-08-15 01:00:00,611.887294448
1058,1-V,44.0833333333,476.55,20.5264237227,3,2003-08-15 02:00:00,611.887295178
1059,1-V,44.125,477.0,20.5264237371,3,2003-08-15 03:00:00,611.887295892
1060,1-V,44.1666666667,477.45,20.5264237513,3,2003-08-15 04:00:00,611.887296591
1061,1-V,44.2083333333,477.9,20.5264237652,3,2003-08-15 05:00:00,611.887297275
1062,1-V,44.25,478.35,20.5264237788,3,2003-08-15 06:00:00,611.887297946
1063,1-V,44.2916666667,478.8,20.5264237922,3,2003-08-15 07:00:00,611.887298602
1064,1-V,44.3333333333,479.25,20.5264238052,3,2003-08-15 08:00:00,611.887299244
1065,1-V,44.375,479.7,20.5264238181,3,2003-08-15 09:00:00,611.887299874
1066,1-V,44.4166666667,480.15,20.5264238306,3,2003-08-15 10:00:00,611.88730049
1067,1-V,44.4583333333,480.6,20.526423843,3,2003-08-15 11:00:00,611.887301093
1068,1-V,44.5,481.05,20.526423855,3,2003-08-15 12:00:00,611.887301683
1069,1-V,44.5416666667,481.5,20.5264238669,3,2003-08-15 13:00:00,611.887302261
1070,1-V,44.5833333333,481.95,20.5264238785,3,2003-08-15 14:00:00,611.887302828
1071,1-V,44.625,482.4,20.5264238898,3,2003-08-15 15:00:00,611.887303382
1072,1-V,44.6666666667,482.85,20.526423901,3,2003-08-15 16:00:00,611.887303925
1073,1-V,44.7083333333,483.3,20.5264239119,3,2003-08-15 17:00:00,611.887304456
1074,1-V,44.75,483.75,20.5264239226,3,2003-08-15 18:00:00,611.887304976
1075,1-V,44.7916666667,484.2,20.5264239331,3,2003-08-15 19:00:00,611.887305486
1076,1-V,44.8333333333,484.65,20.5264239434,3,2003-08-15 20:00:00,611.887305984
1077,1-V,44.875,485.1,20.5264239534,3,2003-08-15 21:00:00,611.887306473
1078,1-V,44.9166666667,485.55,20.5264239633,3,2003-08-15 22:00:00,611.887306951
1079,1-V,44.9583333333,486.0,20.526423973,3,2003-08-15 23:00:00,611.887307419
1080,1-V,45.0,486.45,20.5264239825,3,2003-08-16 00:00:00,611.887307878
1081,1-V,45.0416666667,486.9,20.5264239918,3,2003-08-16 01:00:00,611.887308326
1082,1-V,45.0833333333,487.35,20.5264240009,3,2003-08-16 02:00:00,611.887308766
1083,1-V,45.125,487.8,20.5264240098,3,2003-08-16 03:00:00,611.887309196
1084,1-V,45.1666666667,488.25,20.5264240186,3,2003-08-16 04:00:00,611.887309617
1085,1-V,45.2083333333,488.7,20.5264240272,3,2003-08-16 05:00:00,611.88731003
1086,1-V,45.25,489.15,20.5264240356,3,2003-08-16 06:00:00,611.887310434
1087,1-V,45.2916666667,489.6,20.5264240438,3,2003-08-16 07:00:00,611.887310829
1088,1-V,45.3333333333,490.05,20.5264240519,3,2003-08-16 08:00:00,611.887311216
1089,1-V,45.375,490.5,20.5264240598,3,2003-08-16 09:00:00,611.887311595
1090,1-V,45.4166666667,490.95,20.5264240676,3,2003-08-16 10:00:00,611.887311967
1091,1-V,45.4583333333,491.4,20.5264240752,3,2003-08-16 11:00:00,611.88731233
1092,1-V,45.5,491.85,20.5264240826,3,2003-08-16 12:00:00,611.887312686
1093,1-V,45.5416666667,492.3,20.5264240899,3,2003-08-16 13:00:00,611.887313034
1094,1-V,45.5833333333,492.75,20.5264240971,3,2003-08-16 14:00:00,611.887313375
1095,1-V,45.625,493.2,20.5264241041,3,2003-08-16 15:00:00,611.887313709
1096,1-V,45.6666666667,493.65,20.526424111,3,2003-08-16 16:00:00,611.887314036
1097,1-V,45.7083333333,494.1,20.5264241178,3,2003-08-16 17:00:00,611.887314357
1098,1-V,45.75,494.55,20.5264241244,3,2003-08-16 18:00:00,611.88731467
1099,1-V,45.7916666667,495.0,20.5264241308,3,2003-08-16 19:00:00,611.887314977
1100,1-V,45.8333333333,495.45,20.5264241372,3,2003-08-16 20:00:00,611.887315278
1101,1-V,45.875,495.9,20.5264241434,3,2003-08-16 21:00:00,611.887315572
1102,1-V,45.9166666667,496.35,20.5264241495,3,2003-08-16 22:00:00,611.88731586
1103,1-V,45.9583333333,496.8,20.5264241555,3,2003-08-16 23:00:00,611.887316142
1104,1-V,46.0,497.25,20.5264241614,3,2003-08-17 00:00:00,611.887316418
1105,1-V,46.0416666667,497.7,20.5264241671,3,2003-08-17 01:00:00,611.887316689
1106,1-V,46.0833333333,498.15,20.5264241727,3,2003-08-17 02:00:00,611.887316954
1107,1-V,46.125,498.6,20.5264241783,3,2003-08-17 03:00:00,611.887317213
1108,1-V,46.1666666667,499.05,20.5264241837,3,2003-08-17 04:00:00,611.887317467
1109,1-V,46.2083333333,499.5,20.526424189,3,2003-08-17 05:00:00,611.887317715
1110,1-V,46.25,499.95,20.5264241942,3,2003-08-17 06:00:00,611.887317959
1111,1-V,46.2916666667,500.4,20.5264241993,3,2003-08-17 07:00:00,611.887318197
1112,1-V,46.3333333333,500.85,20.5264242042,3,2003-08-17 08:00:00,611.88731843
1113,1-V,46.375,501.3,20.5264242091,3,2003-08-17 09:00:00,611.887318659
1114,1-V,46.4166666667,501.75,20.5264242139,3,2003-08-17 10:00:00,611.887318882
1115,1-V,46.4583333333,502.2,20.5264242186,3,2003-08-17 11:00:00,611.887319101
1116,1-V,46.5,502.65,20.5264242232,3,2003-08-17 12:00:00,611.887319316
1117,1-V,46.5416666667,503.1,20.5264242278,3,2003-08-17 13:00:00,611.887319526
1118,1-V,46.5833333333,503.55,20.5264242322,3,2003-08-17 14:00:00,611.887319731
1119,1-V,46.625,504.0,20.5264242365,3,2003-08-17 15:00:00,611.887319932
1120,1-V,46.6666666667,504.45,20.5264242408,3,2003-08-17 16:00:00,611.88732013
1121,1-V,46.7083333333,504.9,20.5264242449,3,2003-08-17 17:00:00,611.887320322
1122,1-V,46.75,505.35,20.526424249,3,2003-08-17 18:00:00,611.887320511
1123,1-V,46.7916666667,505.8,20.526424253,3,2003-08-17 19:00:00,611.887320696
1124,1-V,46.8333333333,506.25,20.5264242569,3,2003-08-17 20:00:00,611.887320877
1125,1-V,46.875,506.7,20.5264242608,3,2003-08-17 21:00:00,611.887321055
1126,1-V,46.9166666667,507.15,20.5264242646,3,2003-08-17 22:00:00,611.887321228
1127,1-V,46.9583333333,507.6,20.5264242682,3,2003-08-17 23:00:00,611.887321398
1128,1-V,47.0,508.05,20.5264242719,3,2003-08-18 00:00:00,611.887321565
