a;A0;X00;B0;Error0;ER0
1-BM-cog-V-B13-1-A dist;27.19965121;150.958629;17.58293759;0;0.386733603
1-BM-cog-V-B13-1-A F1;22.5920855;153.3484033;14.72523369;0;0.383560729
1-BM-cog-V-B13-1-A prox;55.09250452;132.166348;16.52410365;0;0.833517292
1-BM-cog-V-B13-1-L dist;17.70012781;144.3942262;15.96187901;0;0.277225003
1-BM-cog-V-B13-1-L F1;15.97533723;150.259334;16.60334843;0;0.240543907
1-BM-cog-V-B13-1-L prox;57.65565094;132.9953785;15.10956521;0;0.953959464
1-BM-cog-V-F3-1-L dist;14.41664701;135.3233054;17.36999482;0;0.207493542
1-BM-cog-V-F3-1-L F1;13.10538527;141.9660629;16.66646886;0;0.196583112
1-BM-cog-V-F3-1-L prox;31.79039033;127.0813453;18.90309978;0;0.420438853
1-BM-cog-V-F3-2-A dist;16.95836435;135.7335062;19.4887224;0;0.21754074
1-BM-cog-V-F3-2-A F1;18.72551793;140.7158354;16.51962632;0;0.283382892
1-BM-cog-V-F3-2-A prox;31.53037133;123.6851661;18.48236064;0;0.426492751
1-BM-cog-V-F4-1-A F1;8.398250638;144.5833982;17.14292894;0;0.122473976
1-BM-cog-V-F4-1-A prox;62.41455416;129.3331763;18.69442639;0;0.834667949
1-BM-cog-V-F4-2-L dist;21.05671705;144.4635004;18.32240216;0;0.287308357
1-BM-cog-V-F4-2-L prox;33.46526233;133.7649074;21.25837794;0;0.393553808
1-BM-cog-V-F5-1-A dist;35.4287261;144.2161681;16.297221;0;0.543478027
1-BM-cog-V-F5-1-A F1;31.47057297;148.1219729;15.71996044;0;0.500487471
1-BM-cog-V-F5-1-A prox;57.01267396;136.191792;17.55643626;0;0.811848616
1-BM-cog-V-F5-2-L dist;13.17887775;126.8436854;15.06122112;0;0.218755133
1-BM-cog-V-F5-2-L F1;20.91843006;145.5147386;19.16807926;0;0.27282898
1-BM-cog-V-F5-2-L prox;24.84708228;127.6582643;18.69175445;0;0.33232678
1-BM-cog-V-F7-1-A dist;26.01656153;143.3640451;17.72360966;0;0.366976057
1-BM-cog-V-F7-1-A F1;16.08451541;150.069729;18.43937117;0;0.218072993
1-BM-cog-V-F7-1-A prox;52.77889363;131.9706994;18.17264013;0;0.726076305
1-BM-cog-V-F7-1-L dist;14.17156679;144.9221446;17.59591415;0;0.201347408
1-BM-cog-V-F7-1-L prox;45.30387933;130.138964;16.30714294;0;0.694540415
1-BP-cog-V-A10-1-A dist;27.33959815;128.8286774;17.24083524;0;0.396436683
1-BP-cog-V-A10-1-A F1;15.04781924;133.3473092;18.56230474;0;0.202666364
1-BP-cog-V-A10-1-A prox;49.02607276;121.1556605;16.62917156;0;0.737049236
1-BP-cog-V-A8-1-L dist;24.43911007;116.4066081;15.81001831;0;0.386449743
1-BP-cog-V-A8-1-L F1;19.63697382;116.7485119;16.31185678;0;0.300961658
1-BP-cog-V-A8-1-L prox;53.25925145;104.5529207;15.33017593;0;0.868536208
1-BP-cog-V-B7-1-A dist;37.47695925;123.3783104;15.55185295;0;0.602451672
1-BP-cog-V-B7-1-A F1;14.99794785;129.583656;15.7927861;0;0.237417701
1-BP-cog-V-B7-1-A prox;57.48289987;107.8410785;14.88993229;0;0.96513031
1-BP-cog-V-B7-1-L dist;25.71702302;122.9302612;16.19355173;0;0.397025672
1-BP-cog-V-B7-1-L F1;17.85184995;125.7000716;16.68925955;0;0.267415248
1-BP-cog-V-B7-1-L prox;41.59834317;104.7910225;15.01278258;0;0.692715407
1-BP-cog-V-B8-1-A dist;35.2413612;129.0704924;17.80693712;0;0.494770114
1-BP-cog-V-B8-1-A F1;21.97659663;132.2206029;16.93058244;0;0.324510345
1-BP-cog-V-B8-1-A prox;28.70005019;111.9309748;16.8289532;0;0.426349308
1-BP-cog-V-B8-1-L dist;38.08842956;128.6401334;12.55457487;0;0.758457175
1-BP-cog-V-B8-1-L F1;20.96186464;129.3015404;16.72117997;0;0.313402892
1-BP-cog-V-B8-1-L prox;35.84089059;119.1606622;17.01937598;0;0.526471867
1-BP-cog-V-C1-1-L dist;20.93026243;136.1664557;18.20925135;0;0.287357536
1-BP-cog-V-C1-2-A dist;25.44529192;121.6010042;16.52069283;0;0.385051828
1-BP-cog-V-C1-2-A F1;20.29426025;130.7112717;17.17197675;0;0.295456087
1-BP-cog-V-C1-2-A prox;82.57178161;118.6696821;15.42165787;0;1.338568497
1-BP-cog-V-C9-1-A F1;15.68575642;128.885319;17.98465174;0;0.21804365
1-BP-cog-V-C9-1-A prox;30.63927275;111.5776135;17.1563866;0;0.446470365
1-BP-cog-V-D16-1-L dist;32.09586183;136.9397019;16.92291779;0;0.474147872
1-BP-cog-V-D16-1-L F1;22.37009087;135.0303242;18.73823193;0;0.298455198
1-GF-cog-V-B12-1-A F1;17.68860854;146.9623081;18.43054859;0;0.239936002
1-GF-cog-V-B12-1-A prox;62.1826859;127.079579;18.04020496;0;0.861723661
1-GF-cog-V-B12-2-A dist;21.88255412;125.5458471;18.26258339;0;0.299554472
1-GF-cog-V-B12-2-A F1;26.88730956;128.7597792;18.07650049;0;0.371854463
1-GF-cog-V-B12-2-A prox;41.47335736;115.5464726;17.06464167;0;0.607591975
1-GF-cog-V-B5-1-L dist;27.58010598;129.1576122;17.64071587;0;0.390858656
1-GF-cog-V-B5-1-L F1;23.4542184;136.2543933;15.92016848;0;0.368309833
1-GF-cog-V-B5-1-L prox;51.91423111;121.4191564;14.86502519;0;0.873093561
1-GF-cog-V-B5-2-L dist;21.29333101;146.8921793;18.41335284;0;0.289101762
1-GF-cog-V-B5-2-L F1;11.77967821;144.2041115;16.90949475;0;0.17415775
1-GF-cog-V-B5-2-L prox;26.26425952;131.0293236;16.47429769;0;0.398564176
1-GF-cog-V-B7-1-A dist;20.56875714;153.3887679;17.02731312;0;0.301996519
1-GF-cog-V-B7-1-A F1;18.3273644;161.9824736;16.86877085;0;0.271616773
1-GF-cog-V-B7-1-A prox;46.36612164;132.1742661;16.93604398;0;0.684429636
1-GF-cog-V-B7-2-L dist;23.43802485;147.2122955;15.79055705;0;0.371076599
1-GF-cog-V-B7-2-L F1;10.6321128;146.9171278;15.2401303;0;0.174409808
1-GF-cog-V-B7-2-L prox;76.65532999;127.6618965;14.25787459;0;1.344087604
1-GF-cog-V-C38-1-A dist;35.61379491;124.1603772;15.837276;0;0.562183088
1-GF-cog-V-C38-1-A F1;20.27909869;128.728094;15.21510401;0;0.333206705
1-GF-cog-V-C38-1-L dist;25.30751129;118.3890778;14.06220838;0;0.449920642
1-GF-cog-V-C38-1-L F1;35.62713207;125.0876332;14.64220471;0;0.608295212
1-GF-cog-V-C38-1-L prox;45.98855059;120.1664736;14.62368106;0;0.786199973
1-GF-cog-V-D38-1-A dist;24.5661116;138.7249415;18.29347011;0;0.335722412
1-GF-cog-V-D38-1-A F1;20.82011135;146.3879611;17.45640929;0;0.29817288
1-GF-cog-V-D38-1-A prox;38.93307301;124.8967108;16.57715412;0;0.58714953
1-GF-cog-V-D38-2-L dist;20.94503789;145.8814504;17.62042531;0;0.297169869
1-GF-cog-V-D38-2-L F1;8.266327312;152.8413311;17.20919797;0;0.120085888
1-GF-cog-V-D38-2-L prox;39.56583118;125.6157759;15.50817238;0;0.637822276
1-GF-cog-V-E4-1-A dist;36.86150005;133.8935473;15.26090106;0;0.603855236
1-GF-cog-V-E4-1-A F1;24.42286323;142.7499219;15.69490067;0;0.389025451
1-GF-cog-V-E4-1-A prox;48.98172181;124.1217981;14.57780785;0;0.840004929
1-GF-cog-V-E4-2-L dist;22.08231804;143.1940153;18.29794905;0;0.301704825
1-GF-cog-V-E4-2-L F1;12.65971821;147.1653938;17.24837475;0;0.183491465
1-GF-cog-V-E4-2-L prox;49.53249574;125.8806019;15.29396241;0;0.809674014
2-BM-cog-V-B8-1-A dist;34.20392526;163.6448265;19.0698405;0;0.4484034
2-BM-cog-V-B8-1-A prox;72.6591679;158.0830024;17.63541649;0;1.030017748
2-BM-cog-V-B8-2-L prox;52.86484466;139.2681662;19.18795098;0;0.688776575
2-BM-cog-V-B8-3-A dist;47.78132788;137.3158925;16.37691886;0;0.729400449
2-BM-cog-V-B8-3-A F1;39.15640317;143.1569569;15.38678255;0;0.636201933
2-BM-cog-V-B8-3-A prox;66.9104268;132.6411261;19.04286761;0;0.878418474
2-BM-cog-V-F2-1-A F1;43.63611622;152.9877982;17.20409042;0;0.634095078
2-BM-cog-V-F2-1-A prox;28.69236505;128.5054031;23.31350302;0;0.307679685
2-BM-cog-V-F6-1-A dist;26.38644972;146.0400884;22.89162796;0;0.28816703
2-BM-cog-V-F6-1-A F1;13.8220676;143.2222253;20.88081588;0;0.165487638
2-BM-cog-V-F6-1-A Fplus;22.05604761;146.8076196;19.45937075;0;0.283360237
2-BM-cog-V-F6-1-A prox;47.90533947;128.5178256;23.39236925;0;0.511976138
2-BM-cog-V-F6-1-L dist;12.75205003;155.3420911;19.80638846;0;0.160958799
2-BM-cog-V-F6-1-L F1;8.034188866;154.5011724;20.03000627;0;0.100276914
2-BM-cog-V-F6-1-L Fplus;13.18152143;129.2648315;20.31828043;0;0.162187955
2-BM-cog-V-F6-1-L prox;49.96828215;139.0752596;21.214849;0;0.588836175
2-BM-cog-V-F6-2-A dist;37.75267968;152.2360584;19.12517556;0;0.493494551
2-BM-cog-V-F6-2-A Fplus;29.71276798;159.1283601;18.05797875;0;0.41135235
2-BM-cog-V-F6-2-A prox;53.14614807;145.9218463;20.94640072;0;0.634311221
2-BM-cog-V-F6-2-L dist;17.0332444;149.1601753;21.37983708;0;0.19917416
2-BM-cog-V-F6-2-L F1;18.74362307;155.8536145;18.60848067;0;0.251815602
2-BM-cog-V-F6-2-L prox;36.81299324;146.7126768;20.19552816;0;0.455707236
2-BM-cog-V-F6-3-A dist;29.99661245;143.0086848;19.83667809;0;0.378044806
2-BM-cog-V-F6-3-A F1;27.58344811;148.0579874;17.9714148;0;0.383712808
2-BM-cog-V-F6-3-A prox;56.57120237;138.9062485;19.80772947;0;0.714004127
2-BP-cog-V-B7-1-A dist;21.237455;122.890681;17.62714667;0;0.301203811
2-BP-cog-V-B7-1-A prox;18.88470995;111.6523085;19.23829863;0;0.245405146
2-BP-cog-V-B7-2-L dist;16.59542234;122.450861;18.72341547;0;0.221586472
2-BP-cog-V-B7-2-L F1;9.625791892;134.7076567;21.17001728;0;0.113672461
2-BP-cog-V-B7-2-L prox;20.71972944;114.818195;18.62758947;0;0.278078512
2-BP-cog-V-D16-1-L dist;15.16606005;135.7902494;17.00091792;0;0.223018253
2-BP-cog-V-D16-1-L F1;15.23303071;142.487942;20.34977895;0;0.187140002
2-BP-cog-V-D16-1-L prox;36.51389399;124.1353027;17.01471911;0;0.536504508
2-BP-cog-V-D2-1-L dist;22.137832;143.8652307;17.42688069;0;0.317581677
2-BP-cog-V-D2-1-L F1;18.27880404;145.9190246;17.99443751;0;0.253950756
2-BP-cog-V-D2-1-L prox;34.38841977;121.576946;17.30967101;0;0.496664838
2-BP-cog-V-D5-1-A dist;18.53951094;147.9656694;20.58890121;0;0.225115352
2-BP-cog-V-D5-1-A F1;19.05673242;147.3402766;21.21463467;0;0.224570594
2-BP-cog-V-D5-1-A prox;24.31087563;132.4293344;17.29589922;0;0.351396526
2-BP-cog-V-D5-2-L dist;21.52621059;165.6399046;19.10522862;0;0.281679573
2-BP-cog-V-D5-2-L F1;6.518934644;167.9288233;14.59683293;0;0.111649813
2-BP-cog-V-D5-2-L Fplus;28.43304213;151.4078253;16.78891048;0;0.423390222
2-BP-cog-V-D5-2-L prox;49.58230835;129.5886417;17.30975757;0;0.716103448
2-BP-cog-V-H12-1-A dist;31.54605209;125.8206458;16.46559812;0;0.478969119
2-BP-cog-V-H12-1-A F1;21.15765689;133.5459551;15.55496503;0;0.34004668
2-BP-cog-V-H12-1-A prox;39.82032274;112.5623169;16.14849965;0;0.616470936
2-BP-cog-V-H12-2-L dist;26.6057426;147.1775919;17.53461326;0;0.379331757
2-BP-cog-V-H12-2-L F1;15.28024449;148.2321825;16.96032778;0;0.2252351
2-BP-cog-V-H12-2-L prox;51.17339998;129.0146132;16.12443893;0;0.793413653
2-BP-cog-V-I12-1-A dist;15.00910192;134.878363;20.70362619;0;0.181237598
2-BP-cog-V-I12-1-A F1;6.462386238;121.8482001;22.91976244;0;0.070489237
2-BP-cog-V-I12-1-A prox;14.62442335;124.170329;20.1860326;0;0.181120575
2-BP-cog-V-I2-1-A dist;10.77183173;133.3971867;18.15937904;0;0.148295706
2-BP-cog-V-I2-1-A F1;9.265649573;132.6099095;17.91740246;0;0.129282824
2-BP-cog-V-I2-1-A prox;39.98615044;121.9473304;16.02497305;0;0.623809948
2-GF-cog-V-A28-1-L dist;26.816379;131.3248913;22.9374314;0;0.292277484
2-GF-cog-V-A28-1-L F1;16.24426966;130.4925244;21.72889098;0;0.186897132
2-GF-cog-V-A28-1-L prox;33.40174674;111.7684189;20.75139077;0;0.402403712
2-GF-cog-V-A28-2-L dist;38.43859256;132.3594767;18.3996417;0;0.522273656
2-GF-cog-V-A28-2-L F1;17.93667607;133.3344279;20.8699436;0;0.214862536
2-GF-cog-V-A28-2-L prox;58.25689017;127.5270208;20.0145303;0;0.727682455
2-GF-cog-V-A36-1-A dist;28.34463004;129.1836807;18.93748686;0;0.374186795
2-GF-cog-V-A36-1-A F1;17.17837605;139.3113607;19.36352459;0;0.221787825
2-GF-cog-V-A36-1-A prox;52.75619826;123.483155;18.55736537;0;0.710717783
2-GF-cog-V-A39-1-A dist;26.85677079;137.6694626;22.90108625;0;0.293182281
2-GF-cog-V-A39-1-A F1;7.307036544;151.6497268;25.41256173;0;0.0718841
2-GF-cog-V-A39-1-A Fplus;12.33680439;147.3794598;24.27699373;0;0.127042134
2-GF-cog-V-A39-1-A prox;40.38696586;125.0393993;23.23790163;0;0.434494544
2-GF-cog-V-A39-2-A prox;30.01861817;122.4350878;22.3014128;0;0.336510274
2-GF-cog-V-B38-1-A dist;42.51856048;136.602656;16.50209647;0;0.64413877
2-GF-cog-V-B38-1-A F1;24.8610326;144.6869531;17.62268767;0;0.352685031
2-GF-cog-V-B38-1-A prox;85.66142061;125.8206498;16.7434039;0;1.279032345
2-GF-cog-V-D11-1-A dist;24.46485652;137.1145854;19.24885663;0;0.317744282
2-GF-cog-V-D11-1-A F1;10.01792204;141.8391323;19.12579679;0;0.130947774
2-GF-cog-V-D11-1-A prox;49.46288662;121.4801038;19.46645812;0;0.635232233
2-GF-cog-V-D11-1-L dist;37.07482466;129.0718075;18.07829706;0;0.512697968
2-GF-cog-V-D11-1-L F1;14.83506685;141.992016;18.07212964;0;0.205220236
2-GF-cog-V-D11-1-L prox;38.39648017;127.0989572;18.24099225;0;0.526238919
2-GF-cog-V-E21-1-L dist;22.74550664;141.6756118;18.25833399;0;0.311440061
2-GF-cog-V-E21-1-L prox;48.00338043;130.2737773;17.70216818;0;0.677930804
2-GF-cog-V-E21-2-L dist;18.78791778;134.9501403;19.75205012;0;0.23779706
2-GF-cog-V-E21-2-L prox;48.15777192;124.3830212;20.24236538;0;0.594764631
4-BM-cog-V-B11-1-A dist;32.06188102;139.5149217;19.37739052;0;0.413650654
4-BM-cog-V-B11-1-A F1;17.15505696;146.8146856;18.34586047;0;0.233772858
4-BM-cog-V-B11-1-A Fplus;37.79194006;143.7317551;19.33345779;0;0.488685734
4-BM-cog-V-B11-1-A prox;38.03313392;134.6003897;20.55995786;0;0.462466098
4-BM-cog-V-B11-2-A dist;25.91396094;133.2376316;23.78726107;0;0.272351248
4-BM-cog-V-B11-2-A F1;18.70126326;120.7533423;21.38422961;0;0.21863382
4-BM-cog-V-B11-2-A prox;25.05301517;118.3122842;20.00414068;0;0.313097868
4-BM-cog-V-F1-1-A prox;60.06552824;146.3175628;18.5737281;0;0.808474313
4-BM-cog-V-F1-1-L dist;52.81300258;153.5658109;16.66000846;0;0.792511641
4-BM-cog-V-F1-1-L prox;37.74394692;139.0337519;19.50442552;0;0.48378696
4-BM-cog-V-F1-2-A dist;24.0951403;123.0455565;20.27371439;0;0.297122913
4-BM-cog-V-F1-2-A F1;34.34299428;142.5141716;17.53136459;0;0.489736468
4-BM-cog-V-F1-2-A prox;67.07871147;132.8257976;15.55582138;0;1.078032298
4-BM-cog-V-F3-1-A dist;52.31136677;144.0220681;17.09449209;0;0.765032481
4-BM-cog-V-F3-1-A F1;22.43596642;144.4699228;16.65153734;0;0.336845271
4-BM-cog-V-F3-1-A prox;52.95010764;132.5377207;18.10187497;0;0.731279325
4-BM-cog-V-F6-1-A dist;65.89788554;147.9219136;17.80533867;0;0.925254593
4-BM-cog-V-F6-1-A F1;51.86213789;155.072505;17.10169402;0;0.758143284
4-BM-cog-V-F6-1-A prox;133.4110837;156.1785563;17.33194368;0;1.924352602
4-BM-cog-V-F6-1-L dist;33.04085097;159.9681448;18.95529955;0;0.435773263
4-BM-cog-V-F6-1-L F1;22.87920211;166.6618616;17.95046712;0;0.318643548
4-BM-cog-V-F6-1-L Fplus;65.78885536;169.3947267;17.28038175;0;0.95178533
4-BM-cog-V-F6-1-L prox;75.68635292;161.7638154;20.03472316;0;0.944439715
4-BM-cog-V-F6-2-A dist;53.24612643;147.1949264;17.0622526;0;0.780174337
4-BM-cog-V-F6-2-A F1;36.87445458;156.9750661;18.3239928;0;0.503089788
4-BM-cog-V-F6-2-A prox;37.06365035;125.8588885;21.93706794;0;0.422386101
4-BP-cog-V-B1-1-A dist;21.42108759;134.3691349;16.57019736;0;0.323186971
4-BP-cog-V-B1-1-A F1;12.63722454;141.8786512;18.05031523;0;0.175027754
4-BP-cog-V-B1-1-A Fplus;34.62126539;134.0929875;17.38527857;0;0.497853187
4-BP-cog-V-B1-1-A prox;47.72999228;118.483754;17.87278174;0;0.667635192
4-BP-cog-V-B1-1-L dist;25.85502506;131.9114211;18.1705532;0;0.355726994
4-BP-cog-V-B1-1-L F1;17.3182764;132.4480353;18.1569554;0;0.238452373
4-BP-cog-V-B1-1-L Fplus;22.88555226;128.0295482;18.942748;0;0.302035801
4-BP-cog-V-C11-1-A dist;27.15778042;124.5808631;16.73291337;0;0.405753915
4-BP-cog-V-C11-1-A F1;13.60443345;127.469252;16.57998842;0;0.205133338
4-BP-cog-V-C11-1-A Fplus;31.18718614;125.3677988;15.08587893;0;0.516827463
4-BP-cog-V-C11-1-A prox;36.12401049;114.6282636;17.7250395;0;0.509505359
4-BP-cog-V-C11-1-L dist;15.19951924;118.4571686;17.92984003;0;0.211930491
4-BP-cog-V-C11-1-L Fplus;31.15554102;126.3592278;16.86624169;0;0.461803252
4-BP-cog-V-C11-1-L prox;36.78268788;112.8498038;18.3729399;0;0.500500846
4-BP-cog-V-D12-1-A dist;30.42405537;125.2583488;18.44214662;0;0.412425625
4-BP-cog-V-D12-1-A F1;43.64878768;134.4590166;17.35123609;0;0.628900262
4-BP-cog-V-D12-1-L dist;30.02883751;137.1520599;17.46754077;0;0.429780556
4-BP-cog-V-D12-1-L F1;15.56836569;124.7055117;19.13573535;0;0.203393878
4-BP-cog-V-E15-1-A dist;29.04664252;131.8933658;17.40524875;0;0.417210965
4-BP-cog-V-E15-1-A F1;19.49517977;130.1604002;16.98440533;0;0.286957055
4-BP-cog-V-E15-1-A Fplus;21.48329133;124.0615481;18.69485456;0;0.287288827
4-BP-cog-V-E15-1-A prox;45.63782042;119.0227336;19.42922628;0;0.587231573
4-BP-cog-V-E15-2-L dist;14.81175697;128.6752933;17.95483963;0;0.206236275
4-BP-cog-V-E15-2-L F1;9.37515903;136.7732145;18.2082129;0;0.12872157
4-BP-cog-V-E15-2-L Fplus;28.99434205;133.0965649;18.05525194;0;0.401466872
4-BP-cog-V-E15-2-L prox;38.35572968;118.2369748;18.76421072;0;0.511022423
4-BP-cog-V-G15-1-A dist;37.4145977;114.2514982;17.29454616;0;0.540843879
4-BP-cog-V-G15-1-A F1;23.19898366;122.8545956;17.58778142;0;0.32975995
4-BP-cog-V-G15-1-A prox;42.26228589;99.00260812;16.36586577;0;0.645585856
4-BP-cog-V-G15-2-L dist;34.24278312;142.5396006;17.68026473;0;0.484195
4-BP-cog-V-G15-2-L F1;22.95692093;143.2333993;16.24772689;0;0.35323281
4-BP-cog-V-G15-2-L prox;48.66927221;123.9846164;17.89681118;0;0.679859553
4-BP-cog-V-G9-1-A dist;30.55959081;123.4928135;18.23084305;0;0.419064422
4-BP-cog-V-G9-1-A F1;22.54381827;132.013645;16.78668983;0;0.335739483
4-BP-cog-V-G9-1-A Fplus;21.17295224;123.2520591;18.02559922;0;0.293651157
4-BP-cog-V-G9-1-A prox;66.88753633;122.5996819;17.8912956;0;0.934637964
4-BP-cog-V-G9-2-A dist;20.43886544;123.2833447;17.5763921;0;0.290714746
4-BP-cog-V-G9-2-A F1;8.519643108;126.6395001;18.88597448;0;0.112777383
4-BP-cog-V-G9-2-A prox;39.93535868;116.657545;18.3832926;0;0.543093116
4-GF-cog-V-A2-1-A dist;19.74145005;136.3081962;18.61996097;0;0.265057619
4-GF-cog-V-A2-1-A F1;17.13066236;131.8388963;18.93416566;0;0.226187183
4-GF-cog-V-A2-1-A prox;22.86286316;129.109669;18.21670077;0;0.313762402
4-GF-cog-V-A2-2-A dist;32.63523242;142.2345291;17.13052142;0;0.476273191
4-GF-cog-V-A2-2-A F1;26.29028186;148.3503898;16.45602079;0;0.399402173
4-GF-cog-V-A7-1-A dist;20.91749899;125.2093257;17.85193768;0;0.292930372
4-GF-cog-V-A7-1-A F1;15.47935031;134.5060008;19.41717217;0;0.199299751
4-GF-cog-V-A7-1-A prox;26.37318319;118.7333398;16.64411615;0;0.396133729
4-GF-cog-V-A7-2-A dist;24.70216984;136.0889653;18.24268694;0;0.338521539
4-GF-cog-V-A7-2-A F1;14.10542435;141.6643478;17.76673836;0;0.19848078
4-GF-cog-V-A7-2-A prox;35.96146605;127.907798;16.64704417;0;0.540057828
4-GF-cog-V-A7-3-A dist;39.4431785;135.143172;18.09230392;0;0.545027027
4-GF-cog-V-A7-3-A F1;34.64462722;139.4008974;18.24396577;0;0.474740904
4-GF-cog-V-A7-3-A prox;46.37427353;134.3091405;18.00730584;0;0.643825816
4-GF-cog-V-B12-1-A dist;8.868493335;134.0819644;28.74955295;0;0.077118532
4-GF-cog-V-B12-1-A F1;6.891490741;135.9195431;28.11991288;0;0.061268778
4-GF-cog-V-B12-1-A prox;7.077939927;120.2261827;28.98564317;0;0.061046946
4-GF-cog-V-B15-1-A dist;13.87458219;144.0011881;23.36094518;0;0.148480531
4-GF-cog-V-B15-1-A F1;13.25083901;141.7273945;22.01617928;0;0.150467059
4-GF-cog-V-B15-1-A prox;20.38715967;133.4519122;22.67330226;0;0.224792571
4-GF-cog-V-B6-1-L dist;14.1733831;170.2610404;13.55168802;0;0.26146896
4-GF-cog-V-B6-1-L F1;11.06833556;166.8636093;22.44921211;0;0.123259733
4-GF-cog-V-B6-1-L Fplus;36.80418466;164.9974983;17.43164526;0;0.527835785
4-GF-cog-V-B6-1-L prox;56.21597567;149.7172555;17.61005655;0;0.798066371
4-GF-cog-V-B6-2-L dist;42.07590858;151.4443208;16.12452942;0;0.652358706
4-GF-cog-V-B6-2-L F1;22.83992244;162.3051505;15.78427835;0;0.361751135
4-GF-cog-V-B6-2-L Fplus;61.16042521;152.2931398;16.63240486;0;0.919296183
4-GF-cog-V-B6-2-L prox;81.9573904;143.8177261;17.3330375;0;1.182097921
1-BM-jose-V-B5-1-A dist;24.86052591;226.4422793;32.38223257;0;0.191930296
1-BM-jose-V-B5-1-A F1;7.896519191;225.2463716;29.60286564;0;0.066687118
1-BM-jose-V-B5-1-A prox;42.50562029;178.4145961;28.41128149;0;0.374020618
1-BM-jose-V-B5-1-L prox;18.72710302;189.9216245;31.92439704;0;0.146651971
1-BM-jose-V-B5-2-L F1;7.412523109;144.6381092;25.79918517;0;0.071829043
1-BM-jose-V-F11-1-A dist;31.33333817;233.09552;26.75117421;0;0.292822083
1-BM-jose-V-F11-1-A F1;17.10308088;238.7329835;27.27352714;0;0.156773643
1-BM-jose-V-F11-1-A prox;44.60546509;208.8027455;30.12503511;0;0.370169403
1-BM-jose-V-F11-1-L dist;27.90808283;209.6822831;27.32264636;0;0.255356696
1-BM-jose-V-F11-1-L F1;23.50251962;210.060236;25.70471599;0;0.228581787
1-BM-jose-V-F11-1-L prox;25.69783416;194.3454772;29.35007667;0;0.21889069
1-BM-jose-V-F11-2-L dist;25.70265466;228.3111146;31.07404241;0;0.206785573
1-BM-jose-V-F11-2-L F1;17.52724998;235.1638848;25.55829115;0;0.171443876
1-BM-jose-V-F11-3-A dist;21.12269671;192.8093902;30.93230733;0;0.170717112
1-BM-jose-V-F11-3-A F1;30.61961933;199.1107857;27.40331316;0;0.279342311
1-BM-jose-V-F13-1-A dist;30.36454044;250.6208336;30.13804852;0;0.251878787
1-BM-jose-V-F13-1-A F1;16.58052225;290.0725186;28.97273163;0;0.143070064
1-BM-jose-V-F9-1-A dist;42.73356936;257.410719;29.53824162;0;0.361680038
1-BM-jose-V-F9-1-A prox;46.12421561;227.7567474;29.8968041;0;0.385695202
1-GF-jose-V-C11-1-L dist;18.87804688;187.4080983;27.1458926;0;0.173857305
1-GF-jose-V-C11-1-L F1;19.20715587;208.0887599;29.98017948;0;0.160165451
1-GF-jose-V-C11-1-L prox;39.19132435;167.2916252;25.99348634;0;0.376934089
1-GF-jose-V-C11-2-A dist;34.03458947;193.613864;30.12149209;0;0.282477619
1-GF-jose-V-C11-2-A F1;22.46647107;206.8350214;32.30839502;0;0.173843912
1-GF-jose-V-C11-2-A prox;62.26414181;180.3302673;29.1489113;0;0.53401773
1-GF-jose-V-D15-1-L dist;23.79859939;185.2599128;29.39772292;0;0.202384717
1-GF-jose-V-D15-1-L F1;14.81637422;192.2002026;32.37460487;0;0.114413553
1-GF-jose-V-D15-1-L prox;43.94171096;170.1196073;27.24738598;0;0.403173638
1-GF-jose-V-E12-1-L dist;14.66246638;174.6800093;24.54291307;0;0.1493554
1-GF-jose-V-E12-1-L F1;16.98994756;185.1357285;24.74585195;0;0.171644399
1-GF-jose-V-E12-1-L prox;16.35105979;151.8350048;23.22171417;0;0.176032007
1-GF-jose-V-E4-1-A dist;31.94959524;201.9996013;29.33112713;0;0.272318168
1-GF-jose-V-E4-1-A F1;18.28892612;206.3917901;26.86336662;0;0.170203221
1-GF-jose-V-E4-1-A prox;50.73608557;179.8120276;27.48267069;0;0.461527976
1-GF-jose-V-E4-1-L dist;14.47050386;204.457167;29.34139246;0;0.123294284
1-GF-jose-V-E4-1-L F1;14.74638528;220.648959;30.4524596;0;0.121060708
1-GF-jose-V-E4-1-L prox;43.64148608;188.0850639;25.20863295;0;0.432802982
1-GF-jose-V-F8-1-A dist;31.50006173;171.1848627;21.9377341;0;0.358971232
1-GF-jose-V-F8-1-A F1;15.70284866;177.2920674;23.90652474;0;0.164210909
1-GF-jose-V-F8-1-A prox;31.42091175;152.8646385;23.04820123;0;0.340817397
1-GF-jose-V-F8-1-L dist;24.66113066;176.0084637;22.93657395;0;0.268797017
1-GF-jose-V-F8-1-L F1;30.03617693;176.2521557;23.30599451;0;0.322193684
1-GF-jose-V-F8-1-L prox;23.79329538;156.3463446;24.6039596;0;0.241762868
1-GF-jose-V-H14-1-A dist;29.37645135;231.5546954;32.36727736;0;0.226899308
1-GF-jose-V-H14-1-A F1;26.41100867;240.8229881;29.36360708;0;0.224861753
1-GF-jose-V-H14-1-A prox;69.01951591;197.7428035;28.87110321;0;0.597652222
1-GF-jose-V-H14-2-A dist;20.03519018;195.2815825;29.16243647;0;0.171755112
1-GF-jose-V-H14-2-A F1;15.17499677;200.8002288;31.27643683;0;0.121297359
1-GF-jose-V-H14-2-A prox;46.8606874;178.4700958;26.57696534;0;0.440801713
1-GH-jose-V-B26-1-A dist;26.11708276;177.2063942;22.96812651;0;0.284275284
1-GH-jose-V-B26-1-A F1;15.03365527;186.7417871;23.5860535;0;0.159348991
1-GH-jose-V-B26-1-A prox;36.79932191;152.3957288;29.03169762;0;0.316889167
1-GH-jose-V-C24-1-A dist;20.40943877;189.340635;22.82030292;0;0.223588605
1-GH-jose-V-C24-1-A F1;12.18290489;191.7313938;26.26908226;0;0.115943381
1-GH-jose-V-C24-1-A prox;59.25277567;170.4601468;26.58191019;0;0.557265968
1-GH-jose-V-C24-1-L dist;18.03992925;185.4591995;22.3402179;0;0.201877275
1-GH-jose-V-C24-1-L F1;20.26683832;189.7909643;21.74886717;0;0.232964298
1-GH-jose-V-C24-1-L prox;28.9583361;173.6472741;28.28753129;0;0.255928449
1-GH-jose-V-D20-1-A dist;20.14496505;183.4531359;30.3082758;0;0.166167198
1-GH-jose-V-D20-1-A F1;18.08396855;189.528644;28.73782066;0;0.157318545
1-GH-jose-V-D20-1-A prox;42.77914944;162.51873;27.65703877;0;0.386693147
1-GH-jose-V-E23-1-A dist;19.12048999;171.479247;29.66140758;0;0.161156293
1-GH-jose-V-E23-1-A F1;13.94194512;175.4822364;21.33628871;0;0.163359539
1-GH-jose-V-E23-1-A prox;57.2507504;149.673046;28.77922194;0;0.497327121
1-GH-jose-V-E23-1-L dist;14.01592361;169.4439784;21.26053436;0;0.164811516
1-GH-jose-V-E23-1-L prox;31.91530562;150.7083512;27.80786616;0;0.286926956
1-GH-jose-V-H16-1-A dist;25.51409058;190.6838315;27.97399224;0;0.228016173
1-GH-jose-V-H16-1-A F1;24.50986657;189.8194708;23.347263;0;0.262449035
1-GH-jose-V-H16-1-A prox;51.5056284;171.0780875;25.45478685;0;0.505854053
1-GH-jose-V-H16-2-L dist;25.15453754;183.8619713;20.69784366;0;0.303830413
1-GH-jose-V-H16-2-L F1;12.12084457;176.1640151;22.96415589;0;0.131953953
1-GH-jose-V-H16-2-L prox;26.93304542;169.7990455;23.63723316;0;0.28485827
1-GH-jose-V-K10-1-L dist;26.78961689;195.1905563;27.04294995;0;0.247658049
1-GH-jose-V-K10-1-L F1;17.21314544;182.6644711;24.59317463;0;0.174978888
2-BM-jose-V-B1-1-A prox;27.32074572;174.4583141;36.69208079;0;0.18614879
2-BM-jose-V-B1-2-A dist;14.66592727;149.92108;27.96666962;0;0.131101839
2-BM-jose-V-B1-2-A prox;28.68024612;170.3802857;38.64729203;0;0.185525587
2-BM-jose-V-B1-3-L dist;14.74913877;193.1043704;49.33579968;0;0.074738521
2-BM-jose-V-B1-3-L prox;22.64940275;183.6347314;35.45812564;0;0.159691202
2-BM-jose-V-B3-1-L prox;10.4060038;190.8226944;28.73902294;0;0.090521552
2-BM-jose-V-B4-1-A F1;4.89352692;173.9614764;31.67618144;0;0.038621503
2-BM-jose-V-B4-1-A prox;37.97326947;178.6411619;30.70454801;0;0.309182775
2-BM-jose-V-B6-1-L prox;31.58331309;240.5869075;31.07449928;0;0.2540935
2-BM-jose-V-B6-2-L dist;16.74857567;234.6056529;31.24751444;0;0.133999263
2-BM-jose-V-B6-2-L F1;12.18293895;229.2852276;32.47578054;0;0.093784805
2-BM-jose-V-B6-2-L prox;16.01769404;195.9308479;35.73216014;0;0.11206777
2-BM-jose-V-B7-1-A prox;39.90882756;184.7139866;32.72228934;0;0.304905527
2-BM-jose-V-F12-1-A prox;42.4678687;193.8139333;29.47159745;0;0.360244035
2-BM-jose-V-F12-1-L prox;23.69591602;219.1405595;27.48321172;0;0.215549007
2-GF-jose-V-B16-1-L dist;21.36150454;194.4480361;28.47248197;0;0.187562719
2-GF-jose-V-B16-1-L F1;21.8604798;206.2856834;28.53481528;0;0.19152463
2-GF-jose-V-B16-1-L prox;34.40516999;186.8719175;30.68031776;0;0.280352132
2-GF-jose-V-B16-2-A dist;20.23419313;204.0995397;28.53892457;0;0.177250838
2-GF-jose-V-B16-2-A F1;13.3020557;214.9464118;27.84147085;0;0.119444621
2-GF-jose-V-B16-2-A prox;30.34134379;199.2677332;29.59799628;0;0.256278698
2-GF-jose-V-B17-1-A dist;30.86015514;212.3151054;27.26245977;0;0.282991295
2-GF-jose-V-B17-1-A F1;25.78983643;214.5075777;28.78105404;0;0.224017477
2-GF-jose-V-B17-1-A prox;34.27916495;195.0206504;29.36322897;0;0.291854525
2-GF-jose-V-B17-2-L dist;12.46916777;203.2712586;27.89229148;0;0.111761773
2-GF-jose-V-B17-2-L F1;10.17718826;222.1120337;28.48650486;0;0.089315873
2-GF-jose-V-B17-2-L Fplus;20.12803913;210.5607823;27.47375711;0;0.183156958
2-GF-jose-V-B17-2-L prox;15.73921793;172.7724151;27.12409282;0;0.145066768
2-GF-jose-V-D12-1-A dist;27.72176651;219.8398102;31.90290131;0;0.217235466
2-GF-jose-V-D12-1-A F1;24.56759025;224.3261319;32.11827024;0;0.191227532
2-GF-jose-V-D12-1-A prox;66.74568637;188.803839;27.25032087;0;0.612338536
2-GF-jose-V-D13-1-L F1;16.24870998;209.9509041;27.31504276;0;0.148715766
2-GF-jose-V-D13-1-L prox;31.21350645;184.0815987;24.94916092;0;0.312771104
2-GF-jose-V-E8-1-L dist;18.28731584;204.9513904;30.39632699;0;0.150407283
2-GF-jose-V-E8-1-L F1;14.60096948;189.3741714;28.56663598;0;0.127779917
2-GF-jose-V-E8-1-L prox;22.79942454;168.105425;27.46890237;0;0.207502144
2-GF-jose-V-E8-2-A dist;24.92410186;188.3941221;27.78567503;0;0.224253161
2-GF-jose-V-E8-2-A F1;25.24381322;194.4432537;27.86501778;0;0.226483017
2-GF-jose-V-E8-2-A prox;33.01722452;169.9601801;27.74665448;0;0.297488338
2-GF-jose-V-H15-1-A prox;81.40200293;217.5463838;29.93910688;0;0.67972972
2-GF-jose-V-H5-1-L dist;16.73466831;196.2231919;29.43671464;0;0.142124117
2-GF-jose-V-H5-1-L F1;12.42891674;206.3040121;27.8981835;0;0.111377473
2-GF-jose-V-H5-1-L prox;28.4632017;194.8691481;26.10223444;0;0.272612693
2-GF-jose-V-H5-2-A dist;32.53085143;197.1580762;28.11785494;0;0.289236603
2-GF-jose-V-H5-2-A F1;13.43901639;197.6094761;27.78570154;0;0.120916655
2-GF-jose-V-H5-2-A prox;65.54364956;181.0084014;26.15439159;0;0.626507114
2-GH-jose-V-B25-1-L dist;27.28518817;214.4204094;26.71026042;0;0.255381151
2-GH-jose-V-B25-1-L F1;27.41074625;226.1659218;28.67569076;0;0.238971979
2-GH-jose-V-B25-1-L prox;40.4620777;194.9324593;27.9259404;0;0.362226635
2-GH-jose-V-B25-2-A dist;25.21186852;198.3288315;28.08141963;0;0.224453294
2-GH-jose-V-B25-2-A F1;4.302147527;192.3973522;33.12419773;0;0.032469824
2-GH-jose-V-B25-2-A Fplus;28.58519677;200.8002453;27.04246239;0;0.264262148
2-GH-jose-V-B25-2-A prox;37.33519991;171.8207428;26.88539776;0;0.347169868
2-GH-jose-V-C26-1-A dist;27.20985093;204.1784237;27.62972308;0;0.246200902
2-GH-jose-V-C26-1-A F1;16.11986645;207.6245157;28.14302221;0;0.143195943
2-GH-jose-V-C26-1-A prox;65.20823811;178.8945907;27.87533118;0;0.584820299
2-GH-jose-V-C26-2-L dist;13.42300629;208.7703474;29.0166292;0;0.115649256
2-GH-jose-V-C26-2-L F1;14.55295371;216.2817289;27.74975862;0;0.131108832
2-GH-jose-V-C26-2-L Fplus;23.45633749;208.2097136;27.76447464;0;0.211208188
2-GH-jose-V-C26-2-L prox;39.68514111;191.6963652;30.08045226;0;0.329825004
2-GH-jose-V-F24-1-A dist;21.03440498;181.9180007;28.24411193;0;0.186183983
2-GH-jose-V-F24-1-A F1;11.82784794;196.5569868;29.17445698;0;0.101354482
2-GH-jose-V-F24-1-A prox;63.21697256;174.9873928;27.41039218;0;0.576578512
2-GH-jose-V-F25-1-A dist;14.51306701;195.9391087;29.31228286;0;0.12377974
2-GH-jose-V-F25-1-A F1;19.95338607;204.0244035;29.29507996;0;0.170279328
2-GH-jose-V-F25-1-A prox;93.13578884;187.6115831;28.07486824;0;0.829351967
2-GH-jose-V-F25-2-L dist;17.14310326;218.4736734;26.55039724;0;0.161420403
2-GH-jose-V-F25-2-L F1;18.27835219;222.0511636;25.53440731;0;0.178958062
2-GH-jose-V-F25-2-L prox;29.13235924;197.3005367;28.85013289;0;0.252445624
2-GH-jose-V-G18-1-A dist;20.48452752;232.2178459;29.58412462;0;0.173104053
2-GH-jose-V-G18-1-A F1;13.18413348;241.8186099;28.47313078;0;0.115759429
2-GH-jose-V-G18-1-A prox;43.46007012;202.8943442;30.07930693;0;0.361212363
2-GH-jose-V-M12-1-A dist;16.85243133;278.9191479;32.62245936;0;0.129147462
2-GH-jose-V-M12-1-A F1;12.28612165;289.4213717;29.75586331;0;0.103224376
2-GH-jose-V-M12-1-A prox;47.69967996;247.8112116;31.37286296;0;0.380103021
2-GH-jose-V-M12-1-L dist;12.97442473;280.5337628;31.76287756;0;0.102119406
2-GH-jose-V-M12-1-L F1;9.684339584;271.9962884;32.50023096;0;0.07449439
2-GH-jose-V-M12-1-L prox;9.436033449;227.1831779;35.86466975;0;0.065775271
2-GH-jose-V-M7-1-L dist;21.24972182;214.0982428;28.09427165;0;0.189093012
2-GH-jose-V-M7-1-L F1;19.65463911;216.6949468;27.72123838;0;0.177252535
2-GH-jose-V-M7-1-L prox;29.62221432;190.1157787;29.20275669;0;0.253590908
4-GF-jose-V-C13-1-A dist;8.672444224;186.1327261;28.17138993;0;0.076961451
4-GF-jose-V-C13-1-A F1;6.180344417;192.2928165;30.87164247;0;0.050048717
4-GF-jose-V-C13-1-A Fplus;14.39206163;183.0274955;29.13220884;0;0.12350644
4-GF-jose-V-C13-1-A prox;15.47347698;173.0027857;32.03631216;0;0.120749518
4-GF-jose-V-G2-3-A dist;24.96890621;159.1572269;21.16948367;0;0.294869098
4-GF-jose-V-G2-3-A F1;13.28679977;163.8275026;20.94734488;0;0.158573794
4-GF-jose-V-G2-3-A prox;38.36688381;156.9855827;21.5212615;0;0.445685814
4-GF-jose-V-G2-4-A dist;18.00983516;165.4689202;24.06375052;0;0.187105447
4-GF-jose-V-G2-4-A F1;9.721111772;173.9717673;23.953601;0;0.101457728
4-GF-jose-V-G2-4-A prox;17.47099171;156.407635;24.82280864;0;0.17595704
4-GH-jose-V-H11-1-L dist;18.96731638;222.4576347;29.60199936;0;0.160186109
4-GH-jose-V-H11-1-L F1;13.70293454;230.4599913;31.56501001;0;0.108529465
4-GH-jose-V-H11-1-L prox;32.84968266;215.1060687;29.49859883;0;0.278400364
4-GH-jose-V-H11-2-A dist;10.76292482;223.8759705;28.34535635;0;0.094926702
4-GH-jose-V-H11-2-A F1;6.925241012;225.1163526;29.17917241;0;0.059333768
4-GH-jose-V-H22-1-L dist;14.46474701;230.2898341;33.80743511;0;0.106964244
4-GH-jose-V-H22-1-L F1;8.747805706;221.5387255;33.57089992;0;0.06514426
4-GH-jose-V-H22-1-L prox;8.66264748;186.7557536;38.4168661;0;0.056372684
4-GH-jose-V-I5-1-L dist;15.75620501;214.0011569;33.42860389;0;0.117834752
4-GH-jose-V-I5-1-L F1;6.163071819;215.6421485;34.76171259;0;0.044323707
4-GH-jose-V-I5-1-L prox;38.03695468;208.3276698;34.31427233;0;0.277121968
4-GH-jose-V-I5-2-A dist;17.27019974;205.977768;31.02950558;0;0.139143369
4-GH-jose-V-I5-2-A F1;19.77401484;215.9260665;32.4771215;0;0.152214959
4-GH-jose-V-I5-2-A prox;63.91192655;195.8609959;34.35403196;0;0.465097711
4-GH-jose-V-L7-1-A dist;11.46397865;210.4057391;35.77628073;0;0.080108793
4-GH-jose-V-L7-1-A F1;9.254690447;211.2204044;34.70663727;0;0.066663693
4-GH-jose-V-L7-1-A prox;49.99650873;188.9467514;31.71417261;0;0.394118029
4-GH-jose-V-L7-1-L dist;6.831808156;196.9169568;36.34033783;0;0.046998794
4-GH-jose-V-L7-1-L F1;7.691269626;206.3567097;35.03805294;0;0.054877975
4-GH-jose-V-L7-1-L prox;22.55710119;206.1988712;36.66422553;0;0.153808657
4-GH-jose-V-M12-1-L dist;8.329763059;190.2950229;35.11568613;0;0.059302295
4-GH-jose-V-M12-1-L F1;10.80839013;198.789544;35.42102198;0;0.076285138
4-GH-jose-V-M12-1-L prox;15.74581088;187.8776001;34.30690166;0;0.114742298
4-GH-jose-V-M19-1-A dist;19.74818365;196.0677482;29.47222097;0;0.167515231
4-GH-jose-V-M19-1-A F1;14.28191363;194.6836557;28.73578708;0;0.124251979
4-GH-jose-V-M19-1-A prox;25.5726841;187.6472645;30.77433235;0;0.207743614
4-GH-jose-V-M19-2-L dist;6.902657724;198.8402175;36.01389675;0;0.047916626
4-GH-jose-V-M19-2-L F1;6.579259368;201.5032581;27.93701114;0;0.058875834
4-GH-jose-V-M19-2-L prox;10.46498475;194.0546231;27.14762889;0;0.096371075
